Date,Open,High,Low,Close,Volume,Daily_Return
2019-01-02,12.3,12.41,12.27,12.3,19350,
2019-01-03,12.33,12.39,12.0,12.3,46390,0.0
2019-01-04,12.09,12.41,12.09,12.3,30470,0.0
2019-01-07,12.3,12.3,12.15,12.24,10200,-0.4878048780487809
2019-01-08,12.41,12.41,12.3,12.3,22560,0.4901960784313708
2019-01-09,12.3,12.3,12.21,12.26,42850,-0.3252032520325243
2019-01-10,12.3,12.3,12.24,12.24,14810,-0.16313213703099683
2019-01-11,12.24,12.24,12.15,12.21,18390,-0.2450980392156854
2019-01-14,12.26,13.02,12.24,12.9,98700,5.651105651105648
2019-01-15,12.63,13.8,12.63,13.74,117520,6.511627906976747
2019-01-16,13.8,14.25,13.65,13.8,36510,0.4366812227074357
2019-01-17,13.8,13.8,13.44,13.44,33940,-2.60869565217392
2019-01-18,13.38,13.38,12.93,13.29,18750,-1.1160714285714302
2019-01-21,13.35,13.59,13.26,13.59,16110,2.257336343115135
2019-01-22,13.2,13.76,13.2,13.65,118490,0.44150110375276164
2019-01-23,13.74,13.74,13.5,13.64,48220,-0.073260073260073
2019-01-24,13.64,13.65,13.32,13.5,31970,-1.026392961876832
2019-01-25,13.52,13.52,13.41,13.5,38220,0.0
2019-01-28,13.44,14.09,13.44,14.07,92430,4.222222222222216
2019-01-29,13.89,14.79,13.83,14.43,75160,2.558635394456288
2019-01-30,14.4,14.7,14.37,14.4,52900,-0.20790020790020236
2019-01-31,14.4,14.43,14.25,14.4,26410,0.0
2019-02-01,14.43,14.85,14.43,14.63,24390,1.5972222222222276
2019-02-11,14.7,14.97,14.46,14.85,20300,1.5037593984962294
2019-02-12,14.85,15.18,14.85,15.03,87140,1.21212121212122
2019-02-13,15.06,15.6,15.03,15.48,47830,2.9940119760479167
2019-02-14,15.42,15.69,15.3,15.36,35200,-0.7751937984496138
2019-02-15,15.36,15.45,15.24,15.24,74280,-0.78125
2019-02-18,15.3,16.11,15.24,16.11,138180,5.7086614173228245
2019-02-19,16.11,16.29,15.96,16.08,42270,-0.18621973929237035
2019-02-20,16.08,16.11,15.9,16.02,23830,-0.3731343283582045
2019-02-21,16.02,16.05,15.78,15.9,78340,-0.7490636704119757
2019-02-22,15.84,15.87,15.6,15.78,52280,-0.7547169811320864
2019-02-25,15.75,15.9,15.51,15.9,210950,0.7604562737642651
2019-02-26,15.96,16.29,15.93,16.29,146270,2.4528301886792336
2019-02-27,16.29,16.41,16.29,16.32,82440,0.18416206261511192
2019-02-28,15.93,16.32,15.93,16.17,66120,-0.9191176470588203
2019-03-01,15.81,17.1,15.81,16.53,119120,2.226345083487935
2019-03-04,16.8,16.8,16.5,16.62,43470,0.5444646098003547
2019-03-05,16.38,16.62,15.93,15.93,49960,-4.151624548736466
2019-03-06,16.02,16.17,15.45,16.14,109700,1.318267419962349
2019-03-07,16.14,16.14,15.57,15.6,46990,-3.345724907063208
2019-03-08,15.6,15.99,15.6,15.9,64090,1.9230769230769384
2019-03-11,15.9,15.9,15.54,15.87,22300,-0.18867924528302993
2019-03-12,16.29,16.44,16.17,16.26,129880,2.4574669187145792
2019-03-13,16.32,16.38,16.05,16.11,25680,-0.9225092250922606
2019-03-14,16.11,16.2,16.05,16.05,10770,-0.3724394785847185
2019-03-15,15.93,16.08,15.78,15.84,39930,-1.3084112149532756
2019-03-18,15.75,16.14,15.75,16.02,79540,1.1363636363636243
2019-03-19,16.08,16.11,15.27,15.9,77290,-0.7490636704119757
2019-03-20,15.9,15.9,15.42,15.84,15480,-0.37735849056603765
2019-03-21,15.84,15.9,15.45,15.45,50160,-2.4621212121212155
2019-03-22,15.48,15.6,15.21,15.33,66190,-0.7766990291262044
2019-03-25,15.18,15.51,15.18,15.21,35870,-0.7827788649706457
2019-03-26,15.06,15.48,15.06,15.48,17130,1.7751479289940697
2019-03-27,15.54,15.54,15.3,15.51,25360,0.19379844961240345
2019-03-28,15.51,15.6,15.45,15.6,19170,0.5802707930367523
2019-03-29,15.54,15.54,15.3,15.3,13710,-1.9230769230769162
2019-04-01,15.18,15.45,15.18,15.18,18150,-0.7843137254902044
2019-04-02,15.48,15.6,15.15,15.3,41120,0.7905138339921125
2019-04-03,15.54,15.87,15.36,15.87,121610,3.725490196078418
2019-04-04,15.9,16.05,15.84,15.9,95960,0.1890359168241984
2019-04-05,15.9,16.35,15.9,16.35,425970,2.8301886792452935
2019-04-08,16.44,16.44,16.2,16.41,122410,0.3669724770642091
2019-04-09,16.23,16.44,16.2,16.2,138850,-1.2797074954296161
2019-04-10,16.17,17.04,15.96,17.04,1075690,5.185185185185182
2019-04-11,17.04,17.37,16.8,17.1,209810,0.35211267605634866
2019-04-12,17.07,18.24,17.07,18.15,434420,6.140350877192957
2019-04-16,17.85,18.15,17.55,18.03,200400,-0.6611570247933796
2019-04-17,18.21,18.6,18.03,18.21,141720,0.9983361064891838
2019-04-18,18.0,18.6,17.4,18.0,182580,-1.1532125205930832
2019-04-19,17.76,18.24,17.76,18.24,80940,1.3333333333333197
2019-04-22,18.24,18.24,17.43,17.7,119820,-2.960526315789469
2019-04-23,17.7,18.12,17.67,18.12,94930,2.3728813559322104
2019-04-24,17.91,18.6,17.91,18.54,161730,2.3178807947019875
2019-04-25,18.18,18.6,18.18,18.27,43010,-1.4563106796116498
2019-04-26,18.12,18.45,18.12,18.15,65800,-0.6568144499179085
2019-05-02,18.3,18.9,17.91,18.36,91170,1.1570247933884392
2019-05-03,18.3,18.75,18.3,18.45,125400,0.4901960784313708
2019-05-06,18.3,18.6,18.18,18.48,49750,0.1626016260162677
2019-05-07,18.48,18.48,17.88,17.91,79610,-3.0844155844155896
2019-05-08,17.55,17.58,17.25,17.43,217690,-2.680067001675046
2019-05-09,17.43,17.46,16.8,17.1,101180,-1.8932874354561036
2019-05-10,17.1,17.7,17.1,17.52,92460,2.4561403508771784
2019-05-13,17.1,17.64,17.1,17.4,26130,-0.6849315068493178
2019-05-14,17.4,17.64,17.31,17.64,53470,1.379310344827589
2019-05-15,17.64,17.64,17.25,17.34,96180,-1.7006802721088454
2019-05-16,17.34,17.58,17.31,17.58,80980,1.384083044982698
2019-05-17,17.43,17.82,17.43,17.73,62040,0.8532423208191142
2019-05-20,17.58,17.91,17.58,17.7,96590,-0.16920473773266442
2019-05-21,17.55,18.18,17.55,18.06,224820,2.033898305084736
2019-05-22,18.06,18.12,17.88,17.97,67430,-0.4983388704318914
2019-05-23,18.0,18.15,17.76,17.97,43130,0.0
2019-05-24,17.85,18.3,17.85,17.97,98460,0.0
2019-05-27,17.97,18.12,17.79,17.79,28850,-1.001669449081799
2019-05-28,17.79,17.82,17.31,17.7,120910,-0.5059021922428353
2019-05-29,17.7,17.7,17.19,17.4,146300,-1.6949152542372947
2019-05-30,17.4,17.52,17.22,17.34,60520,-0.34482758620688614
2019-05-31,17.31,17.43,17.25,17.34,62700,0.0
2019-06-03,16.14,17.4,16.14,17.1,76750,-1.3840830449826869
2019-06-04,17.07,17.31,17.07,17.22,50670,0.7017543859648923
2019-06-05,17.34,17.7,17.34,17.43,41900,1.2195121951219523
2019-06-06,17.52,17.55,17.4,17.52,54900,0.5163511187607606
2019-06-07,17.55,18.72,17.55,18.72,420550,6.849315068493156
2019-06-10,18.84,18.84,18.3,18.6,137240,-0.6410256410256276
2019-06-11,18.6,19.05,18.51,18.63,247290,0.1612903225806317
2019-06-12,18.63,18.63,18.03,18.03,114760,-3.2206119162640823
2019-06-13,18.03,18.48,18.03,18.36,63390,1.830282861896837
2019-06-14,18.45,18.69,18.15,18.3,150030,-0.32679738562090277
2019-06-17,18.09,18.36,17.7,18.0,101730,-1.6393442622950838
2019-06-18,17.88,18.15,17.88,18.06,59790,0.3333333333333188
2019-06-19,18.12,18.42,18.0,18.15,103970,0.4983388704318914
2019-06-20,18.36,18.42,18.12,18.24,69620,0.49586776859504855
2019-06-21,17.88,18.42,17.7,17.88,236390,-1.9736842105263164
2019-06-24,18.0,18.0,17.16,17.37,354830,-2.852348993288578
2019-06-25,17.28,17.55,17.19,17.4,120410,0.17271157167528806
2019-06-26,17.67,18.09,17.67,18.0,157370,3.4482758620689724
2019-06-27,18.0,18.0,17.7,17.85,139670,-0.8333333333333304
2019-06-28,17.73,18.0,17.58,18.0,107820,0.8403361344537785
2019-07-01,18.3,18.3,17.97,18.03,72480,0.16666666666667052
2019-07-02,18.03,18.3,18.03,18.24,95060,1.1647254575706922
2019-07-03,18.24,18.24,18.09,18.24,38700,0.0
2019-07-04,18.24,18.66,18.09,18.6,205340,1.9736842105263275
2019-07-05,18.6,18.96,18.45,18.81,404470,1.1290322580645107
2019-07-08,18.78,18.78,18.39,18.6,123920,-1.1164274322168932
2019-07-09,18.54,18.75,18.48,18.63,129020,0.1612903225806317
2019-07-10,18.63,18.72,18.3,18.42,84030,-1.1272141706924144
2019-07-11,18.36,18.45,18.12,18.3,102580,-0.6514657980456029
2019-07-12,18.3,18.54,18.21,18.45,55350,0.8196721311475308
2019-07-15,18.3,18.48,18.24,18.36,53540,-0.4878048780487809
2019-07-16,18.45,18.99,18.36,18.81,235200,2.450980392156854
2019-07-17,18.84,18.87,18.45,18.45,110350,-1.9138755980861233
2019-07-18,18.45,18.48,18.3,18.36,51680,-0.4878048780487809
2019-07-19,18.51,18.51,17.85,17.88,378000,-2.614379084967322
2019-07-22,17.88,18.09,17.82,18.0,109460,0.6711409395973256
2019-07-23,18.0,18.15,17.82,18.15,132110,0.8333333333333304
2019-07-24,18.15,18.15,18.0,18.12,59940,-0.165289256198331
2019-07-25,18.0,18.3,18.0,18.24,98080,0.6622516556291203
2019-07-26,18.24,18.3,18.03,18.03,62570,-1.1513157894736725
2019-07-29,18.06,18.15,17.85,17.97,22240,-0.33277870216307237
2019-07-30,17.85,18.15,17.85,17.91,107200,-0.33388981636058856
2019-07-31,17.91,18.3,17.85,18.0,89750,0.5025125628140614
2019-08-01,18.0,18.21,17.85,18.09,85510,0.49999999999998934
2019-08-02,18.12,19.17,18.12,19.17,876890,5.9701492537313605
2019-08-05,19.2,19.62,19.17,19.44,366320,1.4084507042253502
2019-08-06,19.29,19.44,19.05,19.11,250890,-1.6975308641975384
2019-08-07,19.11,19.47,18.78,19.35,258570,1.2558869701726927
2019-08-08,19.35,19.74,19.2,19.59,351780,1.2403100775193687
2019-08-09,19.5,19.62,19.35,19.35,111790,-1.225114854517606
2019-08-12,19.08,19.35,18.33,18.42,381590,-4.8062015503875894
2019-08-13,18.21,18.75,18.03,18.6,356250,0.9771986970684043
2019-08-14,18.84,18.84,18.39,18.51,67280,-0.4838709677419395
2019-08-15,18.3,18.42,18.12,18.3,152860,-1.1345218800648316
2019-08-16,18.3,18.51,18.3,18.3,103650,0.0
2019-08-19,18.33,18.66,18.24,18.24,62440,-0.3278688524590234
2019-08-20,18.24,18.45,18.24,18.3,86020,0.328947368421062
2019-08-21,18.42,18.42,18.12,18.18,130270,-0.6557377049180357
2019-08-22,18.18,18.45,18.15,18.36,111380,0.990099009900991
2019-08-23,18.36,18.45,18.18,18.21,24800,-0.8169934640522847
2019-08-26,18.15,18.27,18.06,18.06,127980,-0.8237232289950658
2019-08-27,18.06,18.09,17.67,17.97,257930,-0.4983388704318914
2019-08-28,17.88,17.94,17.25,17.25,328480,-4.006677796327207
2019-08-29,17.25,17.49,17.25,17.31,135840,0.3478260869565153
2019-08-30,17.4,17.58,17.4,17.4,141490,0.5199306759098743
2019-09-03,17.52,17.52,17.25,17.25,105970,-0.8620689655172376
2019-09-04,17.25,17.25,16.35,16.35,237010,-5.217391304347818
2019-09-05,16.35,17.04,16.35,16.5,170810,0.917431192660545
2019-09-06,16.5,16.77,16.5,16.65,60610,0.9090909090909038
2019-09-09,16.8,17.07,16.8,16.95,31890,1.8018018018018056
2019-09-10,17.01,17.16,16.98,16.98,180960,0.1769911504424737
2019-09-11,16.98,17.1,16.89,16.98,94810,0.0
2019-09-12,16.95,17.01,16.89,16.98,36130,0.0
2019-09-13,16.98,17.07,16.92,16.95,77470,-0.17667844522968323
2019-09-16,16.89,16.95,16.5,16.56,82940,-2.3008849557522137
2019-09-17,16.56,16.65,16.56,16.62,20010,0.36231884057973396
2019-09-18,16.59,16.8,16.59,16.62,17250,0.0
2019-09-19,16.65,16.8,16.65,16.71,16320,0.5415162454873723
2019-09-20,16.71,16.8,16.71,16.74,22350,0.17953321364450048
2019-09-23,16.95,16.95,16.5,16.65,14300,-0.5376344086021501
2019-09-24,16.89,16.95,16.74,16.92,30720,1.6216216216216495
2019-09-25,17.25,17.31,17.04,17.25,38380,1.9503546099290725
2019-09-26,17.25,17.49,17.16,17.4,94100,0.8695652173912993
2019-09-27,17.52,17.52,17.19,17.37,56550,-0.17241379310343197
2019-09-30,17.37,17.37,16.83,16.95,49250,-2.4179620034542437
2019-10-01,16.95,16.95,16.59,16.74,46700,-1.2389380530973493
2019-10-02,16.77,17.1,16.74,17.04,18170,1.7921146953405076
2019-10-03,16.68,17.1,16.68,17.01,15090,-0.17605633802815213
2019-10-04,17.01,17.82,17.01,17.82,123790,4.761904761904745
2019-10-07,17.82,17.85,17.37,17.4,16140,-2.3569023569023684
2019-10-08,17.55,17.55,17.4,17.43,14210,0.17241379310346527
2019-10-09,17.46,17.55,17.4,17.43,68690,0.0
2019-10-10,17.43,17.46,17.19,17.19,40190,-1.376936316695343
2019-10-11,17.1,17.19,17.1,17.19,8460,0.0
2019-10-14,17.19,17.19,16.74,16.8,57980,-2.2687609075043635
2019-10-15,17.1,17.1,16.65,16.8,14260,0.0
2019-10-16,16.8,16.8,16.71,16.74,36820,-0.357142857142867
2019-10-17,16.74,16.74,16.65,16.65,24950,-0.5376344086021501
2019-10-18,16.65,16.68,16.62,16.65,38140,0.0
2019-10-21,16.62,16.65,16.41,16.41,29840,-1.4414414414414267
2019-10-22,16.2,16.8,16.2,16.65,36300,1.4625228519195455
2019-10-23,16.8,16.8,16.62,16.65,18870,0.0
2019-10-24,16.65,16.95,16.65,16.74,57740,0.540540540540535
2019-10-25,16.71,17.04,16.5,16.71,51170,-0.17921146953403522
2019-10-28,16.92,16.92,16.5,16.53,40850,-1.0771992818671472
2019-10-29,16.53,16.71,16.5,16.59,82010,0.3629764065335772
2019-10-30,16.59,16.59,16.35,16.35,58280,-1.446654611211562
2019-10-31,16.8,16.95,16.2,16.2,28470,-0.9174311926605672
2019-11-01,16.23,16.38,15.6,16.38,67090,1.1111111111111072
2019-11-04,16.38,16.38,16.11,16.11,30360,-1.6483516483516425
2019-11-05,16.2,16.2,15.54,15.57,141220,-3.3519553072625663
2019-11-06,15.96,15.96,15.3,15.3,106000,-1.7341040462427681
2019-11-07,15.45,15.57,15.15,15.27,31540,-0.19607843137255943
2019-11-08,15.6,15.9,15.3,15.6,115250,2.16110019646365
2019-11-11,15.6,15.9,15.6,15.87,80990,1.7307692307692246
2019-11-12,15.87,15.96,15.87,15.9,35260,0.1890359168241984
2019-11-13,16.32,16.89,16.32,16.83,226380,5.8490566037735725
2019-11-14,17.1,17.25,16.95,17.01,147990,1.0695187165775666
2019-11-15,17.19,17.19,16.2,16.5,65050,-2.9982363315696703
2019-11-18,16.2,16.5,16.14,16.14,53480,-2.1818181818181737
2019-11-19,16.14,16.5,16.14,16.41,31780,1.6728624535315983
2019-11-20,16.5,16.56,16.41,16.56,52880,0.9140767824497242
2019-11-21,16.5,16.5,16.38,16.5,23650,-0.36231884057970065
2019-11-22,16.5,16.53,16.26,16.26,42590,-1.4545454545454417
2019-11-25,16.26,16.44,16.17,16.26,24400,0.0
2019-11-26,16.35,16.47,16.26,16.44,20410,1.1070110701107083
2019-11-27,16.5,16.5,16.2,16.44,29480,0.0
2019-11-28,16.44,16.5,16.14,16.44,24310,0.0
2019-11-29,16.44,16.5,16.35,16.5,15250,0.36496350364962904
2019-12-02,16.5,16.5,16.2,16.29,9010,-1.272727272727281
2019-12-03,16.41,16.65,16.2,16.29,50090,0.0
2019-12-04,16.44,16.44,16.29,16.32,21470,0.18416206261511192
2019-12-05,16.35,16.35,16.29,16.32,36210,0.0
2019-12-06,16.47,16.47,16.2,16.29,75710,-0.18382352941177516
2019-12-09,16.65,16.65,16.29,16.35,59690,0.36832412523022384
2019-12-10,16.35,16.47,16.2,16.2,95040,-0.9174311926605672
2019-12-11,16.36,16.36,15.71,15.71,34390,-3.024691358024678
2019-12-12,15.55,15.68,14.73,15.04,107910,-4.264799490770221
2019-12-13,15.05,15.38,14.99,15.07,34520,0.19946808510638014
2019-12-16,15.07,15.35,15.07,15.33,26920,1.725282017252816
2019-12-17,15.33,15.33,15.12,15.19,21590,-0.91324200913242
2019-12-18,15.19,15.23,14.99,14.99,24780,-1.3166556945358732
2019-12-19,15.05,15.05,14.76,15.02,16080,0.2001334222815121
2019-12-20,15.04,15.05,14.76,14.79,32310,-1.5312916111850927
2019-12-23,14.79,14.86,13.91,14.4,39630,-2.6369168356997874
2019-12-24,14.4,14.6,14.4,14.55,21270,1.041666666666674
2019-12-25,14.5,14.56,14.43,14.55,12250,0.0
2019-12-26,14.56,14.56,14.5,14.5,19120,-0.3436426116838587
2019-12-27,14.5,14.56,14.47,14.48,25080,-0.13793103448275223
2019-12-30,14.56,14.56,14.47,14.5,29440,0.13812154696133394
2019-12-31,14.5,14.56,14.47,14.5,10000,0.0
2020-01-02,14.5,14.56,14.47,14.47,35500,-0.2068965517241339
2020-01-03,14.53,14.53,14.47,14.47,15700,0.0
2020-01-06,14.47,14.56,14.47,14.48,20980,0.06910850034553828
2020-01-07,14.48,15.22,14.48,14.99,39820,3.5220994475138045
2020-01-08,14.73,14.89,14.53,14.53,13430,-3.068712474983326
2020-01-09,14.73,14.89,14.47,14.47,27600,-0.4129387474191226
2020-01-10,14.48,14.56,14.4,14.51,28670,0.2764340013821531
2020-01-13,14.48,14.58,14.47,14.48,13170,-0.2067539627842785
2020-01-14,14.47,14.56,14.47,14.48,6910,0.0
2020-01-15,14.5,14.53,14.4,14.4,33300,-0.5524861878453025
2020-01-16,14.47,14.47,14.24,14.37,35730,-0.2083333333333437
2020-01-17,14.43,14.43,14.27,14.27,36100,-0.695894224077942
2020-01-20,14.27,14.33,14.27,14.27,6390,0.0
2020-01-21,14.27,14.89,14.27,14.56,15550,2.032235459004905
2020-01-22,14.73,15.58,14.73,15.23,58300,4.6016483516483575
2020-01-30,15.05,15.05,14.63,14.63,55640,-3.9395929087327586
2020-01-31,14.56,14.63,14.14,14.14,27750,-3.349282296650724
2020-02-03,14.12,14.12,13.16,13.39,87590,-5.3041018387553045
2020-02-04,13.75,13.75,12.76,12.96,122430,-3.2113517550410697
2020-02-05,12.96,13.25,12.96,13.12,52820,1.2345679012345512
2020-02-06,13.25,13.75,13.25,13.42,59750,2.286585365853666
2020-02-07,13.35,13.58,13.35,13.55,43180,0.9687034277198192
2020-02-10,13.55,13.71,13.42,13.71,15920,1.1808118081180874
2020-02-11,13.71,14.07,13.71,13.88,23890,1.2399708242158969
2020-02-12,13.97,14.24,13.91,14.17,36670,2.089337175792494
2020-02-13,14.4,14.79,14.4,14.47,36520,2.117148906139743
2020-02-14,14.47,14.47,14.17,14.24,26940,-1.5894955079474804
2020-02-17,14.24,14.24,13.79,13.86,35550,-2.6685393258427004
2020-02-18,13.81,13.91,13.78,13.86,24810,0.0
2020-02-19,13.93,14.06,13.89,13.93,16810,0.5050505050504972
2020-02-20,13.94,13.97,13.91,13.96,41190,0.2153625269203152
2020-02-21,13.94,14.07,13.84,13.88,38400,-0.5730659025787954
2020-02-24,13.84,13.84,13.45,13.45,36690,-3.097982708933733
2020-02-25,13.42,13.48,13.25,13.48,47390,0.22304832713755385
2020-02-26,13.48,13.48,13.42,13.42,20140,-0.4451038575667643
2020-02-27,13.42,13.48,13.39,13.4,38010,-0.14903129657227732
2020-02-28,13.32,13.4,13.27,13.29,28680,-0.8208955223880654
2020-03-02,13.29,13.58,13.29,13.58,19310,2.182091798344632
2020-03-03,13.58,13.58,13.35,13.35,49970,-1.6936671575846884
2020-03-04,13.35,13.39,13.34,13.34,43270,-0.07490636704119424
2020-03-05,13.34,13.39,13.34,13.34,59030,0.0
2020-03-06,13.34,13.35,13.25,13.25,21770,-0.6746626686656709
2020-03-09,12.4,13.09,12.34,12.34,159300,-6.867924528301883
2020-03-10,11.65,12.32,11.65,12.32,43860,-0.16207455429497752
2020-03-11,12.34,12.6,11.98,12.14,40320,-1.461038961038963
2020-03-12,12.04,12.04,11.39,11.45,110950,-5.683690280065912
2020-03-13,11.39,11.39,10.67,11.06,98640,-3.406113537117894
2020-03-16,10.96,11.06,10.93,10.93,45580,-1.175406871609408
2020-03-17,10.54,10.83,10.54,10.77,51160,-1.4638609332113472
2020-03-18,10.8,11.23,10.8,10.85,39260,0.742804085422466
2020-03-19,11.03,11.03,10.47,10.51,91360,-3.133640552995387
2020-03-20,10.47,10.51,10.15,10.15,139180,-3.4253092293054177
2020-03-23,9.49,9.65,9.44,9.44,83760,-6.9950738916256245
2020-03-24,8.85,9.08,8.79,8.79,254530,-6.8855932203389925
2020-03-25,8.71,9.39,8.64,9.39,280620,6.825938566552914
2020-03-26,9.82,9.82,8.82,8.84,136640,-5.857294994675188
2020-03-27,8.84,8.9,8.57,8.72,75690,-1.3574660633484115
2020-03-30,8.2,8.25,8.12,8.12,130230,-6.880733944954143
2020-03-31,7.74,8.1,7.63,7.63,65880,-6.034482758620685
2020-04-01,7.63,7.89,7.63,7.72,160010,1.1795543905635641
2020-04-03,7.71,7.92,7.71,7.77,267910,0.6476683937823857
2020-04-06,8.12,8.31,8.12,8.31,416040,6.949806949806958
2020-04-07,8.87,8.87,8.31,8.53,383920,2.6474127557159832
2020-04-08,8.44,8.44,8.02,8.44,430090,-1.0550996483001174
2020-04-09,8.67,9.03,8.57,9.03,163270,6.99052132701421
2020-04-10,9.65,9.65,9.65,9.65,91970,6.8660022148394395
2020-04-13,10.33,10.33,10.0,10.33,510650,7.0466321243523256
2020-04-14,11.05,11.05,10.44,10.78,650030,4.356243949661165
2020-04-15,10.8,11.01,10.64,10.96,292070,1.6697588126159735
2020-04-16,10.9,11.13,10.31,11.13,358370,1.5510948905109512
2020-04-17,11.13,11.13,10.96,10.96,239190,-1.5274034141958714
2020-04-20,10.96,11.52,10.67,11.31,305190,3.193430656934293
2020-04-21,11.13,11.13,10.52,10.59,302650,-6.366047745358094
2020-04-22,10.18,10.83,10.18,10.72,110110,1.2275731822474212
2020-04-23,11.13,11.13,10.64,10.72,70080,0.0
2020-04-24,10.72,10.83,10.57,10.8,62460,0.746268656716409
2020-04-27,10.83,10.87,10.72,10.82,53760,0.18518518518517713
2020-04-28,10.96,10.96,10.73,10.73,45080,-0.8317929759704246
2020-04-29,10.73,11.03,10.73,10.9,49510,1.5843429636533068
2020-05-04,10.8,10.9,10.49,10.62,103460,-2.5688073394495525
2020-05-05,10.8,10.8,10.51,10.73,23440,1.0357815442561424
2020-05-06,10.87,11.47,10.6,11.23,175060,4.659832246039142
2020-05-07,11.23,11.62,11.23,11.39,87360,1.4247551202137165
2020-05-08,11.42,11.62,11.42,11.54,176790,1.316944688323085
2020-05-11,11.68,11.68,11.49,11.55,120780,0.08665511265166792
2020-05-12,11.62,12.35,11.57,12.35,221620,6.926406926406914
2020-05-13,12.76,12.76,12.11,12.31,252470,-0.32388663967610754
2020-05-14,12.27,12.27,12.11,12.11,56740,-1.624695369618201
2020-05-15,12.08,12.08,11.62,11.65,135370,-3.798513625103217
2020-05-18,11.65,11.7,11.42,11.68,109570,0.2575107296137302
2020-05-19,12.24,12.24,11.78,11.85,69100,1.4554794520547976
2020-05-20,11.78,11.95,11.78,11.88,78240,0.25316455696202667
2020-05-21,11.88,11.93,11.78,11.81,59700,-0.5892255892255949
2020-05-22,11.91,11.91,11.73,11.78,78370,-0.2540220152413286
2020-05-25,11.78,12.04,11.72,12.04,149590,2.2071307300509213
2020-05-26,12.11,12.24,12.11,12.24,82980,1.661129568106312
2020-05-27,12.24,12.27,11.88,11.88,115320,-2.941176470588236
2020-05-28,11.91,11.98,11.85,11.98,27290,0.8417508417508435
2020-05-29,11.72,12.08,11.68,11.88,83760,-0.8347245409014992
2020-06-01,11.78,11.95,11.68,11.72,224990,-1.3468013468013518
2020-06-02,11.72,11.91,11.72,11.83,64580,0.9385665529010101
2020-06-03,11.88,11.88,11.73,11.81,63500,-0.16906170752324368
2020-06-04,11.88,11.91,11.8,11.85,93680,0.3386960203217493
2020-06-05,11.85,12.27,11.77,11.95,294620,0.8438818565400741
2020-06-08,12.44,12.44,12.17,12.27,445000,2.677824267782425
2020-06-09,12.31,12.76,12.31,12.7,444550,3.5044824775876116
2020-06-10,12.73,12.83,12.34,12.5,350320,-1.5748031496062964
2020-06-11,12.5,12.5,11.78,11.78,267240,-5.76000000000001
2020-06-12,11.0,11.72,11.0,11.39,256770,-3.310696095076393
2020-06-15,11.29,11.32,10.6,10.6,429340,-6.935908691834946
2020-06-16,10.62,11.0,10.62,11.0,191080,3.7735849056603765
2020-06-17,11.13,11.77,10.93,11.77,288310,7.000000000000006
2020-06-18,11.62,11.95,11.49,11.95,206780,1.5293118096856295
2020-06-19,11.78,11.95,11.68,11.78,120630,-1.4225941422594146
2020-06-22,11.45,11.68,11.26,11.45,191040,-2.8013582342954146
2020-06-23,11.6,11.6,11.27,11.32,90390,-1.1353711790392906
2020-06-24,11.32,11.45,11.26,11.32,80030,0.0
2020-06-25,11.13,11.26,11.11,11.23,80530,-0.7950530035335635
2020-06-26,11.45,11.45,11.03,11.19,75500,-0.3561887800534347
2020-06-29,10.83,11.19,10.49,10.6,187220,-5.272564789991064
2020-06-30,10.6,10.87,10.6,10.78,100990,1.6981132075471583
2020-07-01,10.8,11.23,10.64,11.11,39960,3.0612244897959107
2020-07-02,11.16,11.16,10.93,11.0,20580,-0.9900990099009799
2020-07-03,11.0,11.13,10.87,11.0,33630,0.0
2020-07-06,11.0,11.06,10.96,11.01,39270,0.09090909090909705
2020-07-07,11.03,11.13,10.9,10.9,51040,-0.9990917347865502
2020-07-08,11.06,11.06,10.87,10.93,31700,0.2752293577981568
2020-07-09,10.96,10.96,10.87,10.9,73830,-0.2744739249771255
2020-07-10,10.91,10.91,10.88,10.88,77600,-0.18348623853210455
2020-07-13,10.87,10.93,10.87,10.88,51520,0.0
2020-07-14,10.88,10.93,10.87,10.93,52270,0.4595588235293935
2020-07-15,10.9,11.19,10.87,11.16,213730,2.104300091491318
2020-07-16,11.21,11.32,10.39,10.39,1020590,-6.899641577060933
2020-07-17,9.67,10.11,9.67,9.97,619080,-4.042348411934549
2020-07-20,9.88,9.97,9.41,9.49,423050,-4.81444332998997
2020-07-21,9.39,9.69,9.16,9.69,196780,2.1074815595363505
2020-07-22,9.75,9.8,9.49,9.69,233550,0.0
2020-07-23,9.47,9.65,9.47,9.56,85160,-1.3415892672858476
2020-07-24,9.46,9.52,8.9,8.93,255750,-6.589958158995824
2020-07-27,8.35,8.67,8.31,8.31,536240,-6.942889137737951
2020-07-28,8.43,8.87,8.43,8.79,198720,5.776173285198549
2020-07-29,8.36,8.66,8.35,8.61,148230,-2.0477815699658675
2020-07-30,8.53,8.84,8.53,8.61,60380,0.0
2020-07-31,8.54,8.64,8.48,8.51,210370,-1.1614401858304202
2020-08-03,8.51,9.03,8.51,9.02,138220,5.99294947121034
2020-08-04,9.33,9.64,9.33,9.59,383200,6.319290465631933
2020-08-05,9.59,9.59,9.34,9.43,122560,-1.6684045881126153
2020-08-06,9.25,9.44,9.25,9.43,71990,0.0
2020-08-07,9.43,9.49,9.39,9.49,93710,0.6362672322375529
2020-08-10,9.49,9.51,9.43,9.43,114290,-0.6322444678609096
2020-08-11,9.59,9.59,9.41,9.54,170200,1.166489925768821
2020-08-12,9.59,9.59,9.47,9.51,78290,-0.3144654088050203
2020-08-13,9.67,9.67,9.41,9.67,147160,1.682439537329139
2020-08-14,9.67,9.69,9.54,9.54,117200,-1.3443640124095269
2020-08-17,9.54,9.64,9.52,9.57,62110,0.3144654088050425
2020-08-18,9.52,9.72,9.52,9.65,90230,0.8359456635318674
2020-08-19,9.56,9.77,9.56,9.77,127390,1.2435233160621673
2020-08-20,9.77,9.79,9.62,9.65,126640,-1.228249744114629
2020-08-21,9.7,9.75,9.65,9.69,71820,0.4145077720207224
2020-08-24,9.69,9.75,9.62,9.75,74800,0.6191950464396356
2020-08-25,9.79,9.95,9.75,9.95,128650,2.051282051282044
2020-08-26,9.95,10.1,9.88,10.06,83050,1.1055276381909618
2020-08-27,9.98,10.11,9.95,10.1,69370,0.397614314115291
2020-08-28,10.1,10.24,10.08,10.19,59810,0.8910891089108919
2020-08-31,10.29,10.31,10.06,10.06,70240,-1.2757605495583801
2020-09-01,10.06,10.19,10.06,10.15,38770,0.8946322067594492
2020-09-03,10.15,10.23,10.15,10.18,73460,0.2955665024630516
2020-09-04,10.15,10.31,10.15,10.29,110120,1.080550098231825
2020-09-07,10.31,10.31,10.18,10.19,58180,-0.9718172983479101
2020-09-08,10.24,10.24,10.05,10.18,38050,-0.09813542688910104
2020-09-09,10.15,10.21,10.13,10.18,50020,0.0
2020-09-10,10.18,10.24,10.16,10.21,43720,0.29469548133596035
2020-09-11,10.21,10.41,10.16,10.37,72970,1.5670910871694366
2020-09-14,10.39,10.44,10.37,10.39,58580,0.192864030858253
2020-09-15,10.41,10.47,10.37,10.41,37140,0.19249278152069227
2020-09-16,10.41,10.41,10.34,10.41,26540,0.0
2020-09-17,10.41,10.41,10.34,10.39,32530,-0.19212295869356355
2020-09-18,10.39,10.39,10.28,10.36,52150,-0.2887391722810495
2020-09-21,10.34,10.51,10.33,10.44,31660,0.7722007722007707
2020-09-22,10.37,10.41,10.29,10.31,61640,-1.245210727969337
2020-09-23,10.31,10.36,10.28,10.36,104890,0.4849660523763344
2020-09-24,10.36,10.37,10.31,10.37,28170,0.09652509652509078
2020-09-25,10.37,10.42,10.33,10.41,166430,0.385728061716506
2020-09-28,10.46,10.77,10.46,10.72,153880,2.9779058597502406
2020-09-29,10.8,10.87,10.64,10.67,110760,-0.4664179104477695
2020-09-30,10.51,10.82,10.51,10.82,128040,1.4058106841612128
2020-10-01,10.96,10.96,10.73,10.85,61820,0.27726432532346745
2020-10-02,10.85,10.95,10.75,10.83,183700,-0.18433179723501558
2020-10-05,10.83,10.96,10.8,10.96,81420,1.2003693444136765
2020-10-06,10.85,11.03,10.85,11.01,48720,0.45620437956204185
2020-10-07,11.01,11.36,10.96,11.19,207700,1.6348773841961872
2020-10-08,11.19,11.29,11.06,11.23,137130,0.3574620196604261
2020-10-09,11.23,11.27,11.18,11.27,102160,0.3561887800534125
2020-10-12,11.36,11.41,11.32,11.37,122830,0.8873114463176623
2020-10-13,11.41,11.42,11.36,11.41,47020,0.3518029903254227
2020-10-14,11.42,11.55,11.42,11.52,86780,0.9640666082383786
2020-10-15,11.52,11.55,11.42,11.42,62600,-0.868055555555558
2020-10-16,11.42,11.42,10.96,11.34,97240,-0.7005253940455369
2020-10-19,11.34,11.36,11.19,11.24,129200,-0.8818342151675429
2020-10-20,11.24,11.26,11.09,11.24,79950,0.0
2020-10-21,11.24,11.29,11.13,11.19,26450,-0.4448398576512469
2020-10-22,11.19,11.21,11.14,11.19,91600,0.0
2020-10-23,11.19,11.26,11.13,11.26,51250,0.6255585344057124
2020-10-26,11.26,11.27,11.19,11.26,79560,0.0
2020-10-27,11.26,11.26,10.73,10.9,47420,-3.1971580817051426
2020-10-28,10.77,10.77,10.21,10.34,72890,-5.137614678899083
2020-10-29,10.21,11.05,10.16,10.8,20950,4.448742746615086
2020-10-30,10.8,11.08,10.8,11.01,20720,1.9444444444444375
2020-11-02,11.01,11.01,10.8,10.96,19010,-0.4541326067211582
2020-11-03,10.96,10.96,10.83,10.9,10710,-0.5474452554744547
2020-11-04,10.9,10.96,10.8,10.83,29460,-0.6422018348623881
2020-11-05,10.87,10.96,10.83,10.96,25070,1.2003693444136765
2020-11-06,10.98,11.19,10.98,11.19,34090,2.0985401459853836
2020-11-09,11.29,11.62,11.29,11.52,117990,2.9490616621983934
2020-11-10,11.62,11.62,11.42,11.42,76820,-0.868055555555558
2020-11-11,11.26,11.45,11.26,11.32,21750,-0.8756567425569184
2020-11-12,11.32,11.45,11.26,11.37,60690,0.4416961130741859
2020-11-13,11.37,11.45,11.18,11.41,125360,0.3518029903254227
2020-11-16,11.41,11.49,11.37,11.45,107520,0.35056967572304476
2020-11-17,11.45,12.17,11.45,12.17,245220,6.288209606986905
2020-11-18,12.31,13.03,12.31,12.93,415760,6.244864420706664
2020-11-19,12.93,12.93,12.53,12.76,90690,-1.314771848414542
2020-11-20,12.44,12.76,12.27,12.53,74940,-1.8025078369905967
2020-11-23,12.53,12.57,12.11,12.37,80810,-1.276935355147646
2020-11-24,12.37,12.7,12.27,12.47,135480,0.8084074373484462
2020-11-25,12.44,12.7,12.44,12.7,70610,1.844426623897344
2020-11-26,12.73,13.09,12.73,12.78,187060,0.6299212598425141
2020-11-27,12.91,12.93,12.63,12.71,110160,-0.547730829420956
2020-11-30,12.73,12.73,12.44,12.71,53590,0.0
2020-12-01,12.44,12.6,12.44,12.6,85230,-0.8654602675059131
2020-12-02,12.6,13.06,12.6,12.89,202900,2.3015873015873156
2020-12-03,12.89,12.99,12.85,12.85,79480,-0.3103180760279378
2020-12-04,12.85,12.85,12.6,12.63,79870,-1.7120622568093324
2020-12-07,12.44,12.76,12.44,12.73,95480,0.7917656373713333
2020-12-08,12.73,12.96,12.6,12.93,144650,1.571091908876654
2020-12-09,12.93,12.96,12.76,12.93,132150,0.0
2020-12-10,12.96,13.61,12.94,13.55,254960,4.795050270688339
2020-12-11,13.58,13.75,13.19,13.42,74760,-0.9594095940959502
2020-12-14,13.39,13.73,13.25,13.58,96300,1.1922503725782407
2020-12-15,13.68,13.68,13.25,13.42,120420,-1.178203240058906
2020-12-16,13.52,13.58,13.37,13.45,97050,0.22354694485842153
2020-12-17,13.42,13.42,13.19,13.27,96570,-1.3382899628252787
2020-12-18,13.27,13.32,13.12,13.32,96340,0.37678975131876236
2020-12-21,13.42,13.43,13.19,13.22,77170,-0.7507507507507505
2020-12-22,13.21,13.22,12.67,12.93,128990,-2.1936459909228545
2020-12-23,12.93,12.93,12.63,12.7,91440,-1.7788089713843824
2020-12-24,12.6,13.29,12.44,13.22,278160,4.094488188976397
2020-12-25,13.22,13.25,12.91,13.09,38700,-0.9833585476550777
2020-12-28,13.09,13.16,12.93,12.96,82430,-0.9931245225362817
2020-12-29,12.96,13.07,12.89,13.07,70210,0.8487654320987525
2020-12-30,12.93,13.03,12.93,12.99,52590,-0.6120887528691665
2020-12-31,12.99,13.01,12.76,12.99,182160,0.0
2021-01-04,12.99,13.19,12.94,13.16,162800,1.3086989992301845
2021-01-05,13.21,13.84,13.21,13.66,284400,3.7993920972644313
2021-01-06,13.66,13.76,13.58,13.66,144100,0.0
2021-01-07,13.61,13.65,13.45,13.65,79400,-0.07320644216690653
2021-01-08,13.66,13.94,13.61,13.66,144400,0.073260073260073
2021-01-11,13.66,14.37,13.65,14.15,145500,3.5871156661786197
2021-01-12,14.04,14.07,13.91,14.01,53700,-0.9893992932862195
2021-01-13,14.04,14.07,13.75,13.75,90500,-1.855817273376159
2021-01-14,13.58,13.75,13.58,13.71,65900,-0.2909090909090861
2021-01-15,13.71,13.75,13.61,13.61,88600,-0.7293946024799491
2021-01-18,14.2,14.2,13.81,14.17,135800,4.114621601763413
2021-01-19,13.91,14.14,13.19,13.42,127800,-5.292872265349324
2021-01-20,13.3,13.52,12.76,13.32,68000,-0.7451564828613977
2021-01-21,13.42,13.81,13.34,13.71,84400,2.9279279279279313
2021-01-22,13.75,14.24,13.58,14.01,126400,2.188183807439814
2021-01-25,13.81,14.97,13.81,14.97,281900,6.85224839400429
2021-01-26,16.02,16.02,15.12,15.69,252100,4.8096192384769365
2021-01-27,15.69,15.69,14.6,14.6,158900,-6.947100063734856
2021-01-28,13.58,14.11,13.58,13.58,190400,-6.986301369863012
2021-01-29,12.65,13.78,12.65,13.71,134800,0.9572901325478611
2021-02-01,13.48,13.75,12.76,12.76,169300,-6.929248723559455
2021-02-02,12.76,13.65,12.44,13.65,94500,6.974921630094055
2021-02-03,13.68,14.56,13.65,14.47,72000,6.007326007326008
2021-02-04,14.47,14.47,13.91,14.14,42400,-2.2805805114029076
2021-02-05,14.14,14.32,14.11,14.3,42600,1.1315417256011262
2021-02-08,14.3,14.47,13.75,14.4,162100,0.6993006993006867
2021-02-09,15.05,15.22,14.4,15.22,138000,5.694444444444446
2021-02-17,15.22,15.38,14.79,15.2,70100,-0.13140604467806183
2021-02-18,15.22,15.22,14.89,15.22,133900,0.13157894736843812
2021-02-19,15.22,15.28,15.05,15.28,104500,0.3942181340341522
2021-02-22,15.28,15.69,14.92,15.63,102300,2.2905759162303863
2021-02-23,15.58,15.58,15.12,15.38,52300,-1.599488163787588
2021-02-24,15.38,15.55,15.12,15.22,21400,-1.040312093628093
2021-02-25,15.22,15.48,15.22,15.25,33300,0.1971090670170872
2021-02-26,15.25,15.71,15.25,15.69,124200,2.885245901639344
2021-03-01,16.04,16.04,15.68,15.71,21100,0.1274697259400881
2021-03-02,15.87,15.87,15.48,15.69,19400,-0.12730744748569167
2021-03-03,16.04,16.04,15.55,15.87,50900,1.1472275334607929
2021-03-04,16.04,16.04,15.55,15.58,76500,-1.8273471959672327
2021-03-05,15.58,16.2,15.38,15.97,72100,2.5032092426187535
2021-03-08,15.97,16.05,15.87,15.87,31200,-0.6261740763932488
2021-03-09,15.74,16.85,15.74,16.63,114200,4.788909892879656
2021-03-10,16.23,16.63,16.23,16.63,15200,0.0
2021-03-11,16.69,16.69,16.53,16.69,26100,0.36079374624173877
2021-03-12,16.69,16.85,16.66,16.69,20200,0.0
2021-03-15,16.59,16.69,16.36,16.53,25600,-0.9586578789694489
2021-03-16,16.4,16.89,16.36,16.85,35900,1.9358741681790637
2021-03-17,16.85,17.02,16.69,16.72,15100,-0.7715133531157381
2021-03-18,16.72,16.95,16.4,16.53,62300,-1.1363636363636243
2021-03-19,16.53,16.66,16.43,16.43,25500,-0.6049606775559657
2021-03-22,16.43,16.43,16.3,16.3,14800,-0.7912355447352359
2021-03-23,16.63,16.63,16.04,16.3,25300,0.0
2021-03-24,16.04,16.07,15.38,15.84,31200,-2.822085889570558
2021-03-25,15.84,15.91,15.71,15.74,51200,-0.631313131313127
2021-03-26,15.77,15.94,14.65,15.58,58300,-1.0165184243964398
2021-03-29,15.87,16.4,15.82,16.25,12500,4.3003851091142575
2021-03-30,16.27,16.46,16.2,16.25,29800,0.0
2021-03-31,16.25,16.25,16.02,16.17,14200,-0.4923076923076808
2021-04-01,16.04,16.18,15.87,16.0,22000,-1.0513296227582014
2021-04-02,16.85,16.85,15.97,16.04,27500,0.24999999999999467
2021-04-05,16.2,16.53,16.2,16.53,46100,3.0548628428927804
2021-04-06,16.53,16.59,16.04,16.36,14800,-1.0284331518451428
2021-04-07,16.2,16.46,16.2,16.43,39300,0.42787286063570296
2021-04-08,16.43,16.53,16.36,16.46,31200,0.1825928180158254
2021-04-09,16.53,16.63,16.4,16.4,34300,-0.36452004860269005
2021-04-12,16.4,16.43,16.17,16.33,55000,-0.4268292682926833
2021-04-13,16.33,16.36,16.13,16.17,28500,-0.9797917942437007
2021-04-14,15.55,16.36,15.55,16.36,42800,1.1750154607297336
2021-04-15,16.04,16.33,16.02,16.23,29800,-0.7946210268948595
2021-04-16,16.07,16.07,15.87,15.87,25500,-2.2181146025878062
2021-04-19,15.89,15.99,15.71,15.77,11800,-0.6301197227473243
2021-04-20,15.77,15.91,15.77,15.77,38900,0.0
2021-04-22,15.77,15.92,15.59,15.59,24300,-1.1414077362079889
2021-04-23,15.71,15.84,15.61,15.84,25300,1.6035920461834552
2021-04-26,16.82,16.82,16.36,16.43,74800,3.7247474747474696
2021-04-27,16.53,16.72,16.46,16.59,49800,0.9738283627510613
2021-04-28,16.72,17.18,16.69,17.08,52100,2.9535864978902815
2021-04-29,17.08,17.08,16.79,16.95,37800,-0.7611241217798548
2021-05-04,16.36,17.41,16.27,17.41,61700,2.7138643067846635
2021-05-05,17.51,17.8,17.48,17.64,149600,1.3210798391728895
2021-05-06,17.67,17.8,17.57,17.57,86800,-0.3968253968253954
2021-05-07,17.57,17.61,17.08,17.18,96800,-2.219692657939676
2021-05-10,17.05,17.35,17.02,17.35,95100,0.9895227008149154
2021-05-11,17.64,17.64,17.18,17.35,60600,0.0
2021-05-12,17.48,17.54,17.35,17.54,89900,1.0951008645533111
2021-05-13,17.92,18.13,17.68,17.89,68000,1.9954389965792574
2021-05-14,18.2,18.2,17.85,17.96,37800,0.39128004471771227
2021-05-17,17.96,18.03,17.4,17.4,63200,-3.118040089086871
2021-05-18,17.23,17.51,16.99,17.4,85500,0.0
2021-05-19,17.4,17.4,17.2,17.37,34600,-0.17241379310343197
2021-05-20,17.33,17.4,16.99,17.37,79900,0.0
2021-05-21,17.37,18.1,17.13,17.72,69100,2.014968336211842
2021-05-24,17.99,18.03,17.92,18.03,54600,1.749435665914234
2021-05-25,18.34,18.34,18.03,18.24,104600,1.1647254575706922
2021-05-26,18.03,18.37,18.03,18.34,96500,0.5482456140351033
2021-05-27,18.03,18.34,17.85,18.03,38900,-1.6902944383860308
2021-05-28,18.03,18.1,17.85,18.1,33400,0.38824181919023815
2021-05-31,18.1,18.1,17.68,18.03,44600,-0.3867403314917195
2021-06-01,18.03,18.72,17.96,18.17,74700,0.7764836383804763
2021-06-02,18.24,18.76,18.24,18.76,92200,3.2471106219042367
2021-06-03,18.76,19.24,18.76,19.21,66900,2.3987206823027574
2021-06-04,19.41,19.76,19.0,19.0,87900,-1.0931806350858997
2021-06-07,19.24,19.24,18.72,19.07,92000,0.36842105263157343
2021-06-08,18.72,19.73,18.72,19.24,50700,0.8914525432616616
2021-06-09,19.24,19.41,19.03,19.28,28900,0.20790020790022457
2021-06-10,19.28,19.35,18.89,19.1,87100,-0.9336099585062207
2021-06-11,19.24,20.11,19.24,19.76,110600,3.4554973821989465
2021-06-14,20.04,21.11,19.87,21.11,322600,6.831983805668007
2021-06-15,21.67,22.53,21.11,21.11,174400,0.0
2021-06-16,20.8,21.88,20.63,21.7,200600,2.7948839412600623
2021-06-17,20.87,21.88,20.8,21.84,132700,0.6451612903225934
2021-06-18,21.01,21.84,21.01,21.7,94600,-0.6410256410256387
2021-06-21,21.7,22.5,21.67,22.4,176800,3.2258064516129004
2021-06-22,22.12,22.33,22.12,22.19,61700,-0.9374999999999911
2021-06-23,22.01,22.36,21.88,21.91,112800,-1.2618296529968487
2021-06-24,21.77,22.53,21.49,22.19,111400,1.2779552715654896
2021-06-25,21.84,22.33,21.67,22.19,55500,0.0
2021-06-28,22.19,22.19,21.81,21.95,51000,-1.081568273997302
2021-06-29,21.91,21.91,21.6,21.67,58400,-1.2756264236901904
2021-06-30,21.67,21.7,20.97,21.15,83700,-2.3996308260267774
2021-07-01,21.15,21.67,21.15,21.39,64800,1.134751773049647
2021-07-02,21.67,22.01,21.49,21.84,68000,2.103786816269282
2021-07-05,21.84,22.57,21.7,22.19,101400,1.602564102564119
2021-07-06,22.47,22.47,20.84,20.84,157600,-6.083821541234801
2021-07-07,20.84,20.91,19.76,20.45,92600,-1.87140115163148
2021-07-08,20.77,20.77,19.69,19.76,135600,-3.3740831295843376
2021-07-09,19.8,20.25,19.45,19.48,123700,-1.4170040485830038
2021-07-12,19.52,19.55,18.89,19.14,211900,-1.7453798767967155
2021-07-13,19.24,19.52,19.14,19.52,144600,1.9853709508881767
2021-07-14,19.52,20.11,19.41,19.76,76000,1.2295081967213184
2021-07-15,19.59,20.25,19.59,19.9,72400,0.7085020242914908
2021-07-16,20.25,20.25,19.9,20.07,78600,0.8542713567839311
2021-07-19,19.93,20.7,19.93,20.45,165600,1.8933731938216125
2021-07-20,20.56,21.15,20.49,21.15,66600,3.4229828850855792
2021-07-21,21.49,21.84,21.15,21.49,86300,1.6075650118203333
2021-07-22,21.32,21.74,21.15,21.49,68400,0.0
2021-07-23,21.67,22.33,21.49,21.95,144000,2.1405304792927016
2021-07-26,21.98,21.98,21.18,21.91,75200,-0.18223234624145102
2021-07-27,22.01,22.29,21.91,22.29,98600,1.734367868553166
2021-07-28,22.33,22.43,21.67,22.43,89600,0.628084342754609
2021-07-29,21.84,22.47,21.84,21.95,58700,-2.139991083370485
2021-07-30,21.95,22.64,21.84,22.64,121400,3.1435079726651605
2021-08-02,22.95,24.2,22.95,24.2,230700,6.890459363957602
2021-08-03,24.62,25.31,24.1,24.2,153500,0.0
2021-08-04,24.27,24.75,23.92,24.58,85600,1.5702479338842945
2021-08-05,24.13,25.45,24.1,25.31,177200,2.9698942229454905
2021-08-06,25.34,25.34,24.48,24.96,103200,-1.3828526274199837
2021-08-09,24.96,25.83,24.79,24.86,272100,-0.4006410256410353
2021-08-10,25.0,25.83,24.96,25.83,155900,3.901850362027348
2021-08-11,25.66,26.7,25.66,26.24,164400,1.5873015873015817
2021-08-12,26.28,26.7,26.28,26.52,149800,1.0670731707317138
2021-08-13,26.42,26.52,25.66,26.52,100600,0.0
2021-08-16,26.52,27.56,26.04,27.39,299700,3.28054298642535
2021-08-17,28.01,28.01,27.04,27.28,70400,-0.40160642570280514
2021-08-18,27.04,28.08,26.87,27.04,181300,-0.8797653958944385
2021-08-19,26.87,27.84,25.72,27.28,167300,0.887573964497057
2021-08-20,26.73,27.25,26.04,26.31,113600,-3.5557184750733217
2021-08-23,26.14,27.08,26.0,26.8,78200,1.8624097301406461
2021-08-24,26.83,26.83,26.0,26.42,42200,-1.4179104477611948
2021-08-25,26.42,27.28,26.24,27.18,76300,2.876608629825883
2021-08-26,27.18,28.43,26.7,27.74,322000,2.060338484179547
2021-08-27,28.15,28.15,27.6,27.74,60600,0.0
2021-08-30,27.87,27.91,27.15,27.7,81100,-0.14419610670511895
2021-08-31,27.74,27.77,27.25,27.25,228100,-1.6245487364620947
2021-09-01,26.97,27.63,26.87,27.04,164900,-0.7706422018348702
2021-09-06,27.04,27.74,27.04,27.46,79500,1.553254437869822
2021-09-07,27.6,27.6,26.87,27.04,116600,-1.5294974508375914
2021-09-08,27.04,28.78,26.83,28.46,423800,5.25147928994083
2021-09-09,28.6,28.67,27.91,28.08,110400,-1.3352073085031724
2021-09-10,28.26,28.43,27.94,28.08,102600,0.0
2021-09-13,28.08,28.26,27.74,28.15,187700,0.249287749287741
2021-09-14,28.39,29.82,28.39,29.12,230200,3.4458259325044427
2021-09-15,29.47,30.02,29.3,29.82,149700,2.4038461538461453
2021-09-16,29.82,29.85,28.6,29.85,174200,0.1006036217303885
2021-09-17,29.88,29.88,29.16,29.82,85400,-0.10050251256281673
2021-09-20,29.64,29.64,28.71,28.81,157100,-3.386988598256213
2021-09-21,28.43,28.46,27.91,28.46,144200,-1.2148559527941583
2021-09-22,28.46,29.47,28.08,29.12,130000,2.319044272663384
2021-09-23,29.33,29.64,28.78,28.91,55400,-0.7211538461538436
2021-09-24,28.53,29.33,28.26,28.88,91700,-0.10377032168800149
2021-09-27,28.88,28.91,28.46,28.71,178000,-0.58864265927977
2021-09-28,28.43,28.88,28.43,28.84,67200,0.4528039010797569
2021-09-29,28.64,29.16,28.32,29.16,97100,1.109570041608876
2021-09-30,29.16,29.47,29.16,29.16,78400,0.0
2021-10-01,29.43,30.09,29.19,30.06,434000,3.0864197530864113
2021-10-04,29.99,31.2,29.99,30.37,198500,1.0312707917498498
2021-10-05,30.51,30.51,29.82,30.3,66000,-0.23049061573922058
2021-10-06,30.16,30.54,29.12,30.51,117800,0.6930693069306937
2021-10-07,30.68,30.68,30.27,30.4,121700,-0.3605375286791279
2021-10-08,30.44,30.65,30.34,30.47,128800,0.23026315789473895
2021-10-11,30.51,30.58,30.34,30.37,114400,-0.3281916639317317
2021-10-12,30.16,30.51,29.88,30.16,191700,-0.6914718472176506
2021-10-13,30.16,30.61,30.16,30.37,110100,0.696286472148544
2021-10-14,30.37,30.65,30.34,30.51,187100,0.46098123147844117
2021-10-15,30.47,30.54,30.27,30.51,105400,0.0
2021-10-18,30.54,30.58,30.16,30.58,88200,0.22943297279578445
2021-10-19,30.68,31.55,30.68,30.86,185300,0.915631131458472
2021-10-20,31.24,31.24,29.85,30.82,65900,-0.12961762799740262
2021-10-21,30.82,30.86,30.16,30.86,119300,0.12978585334197934
2021-10-22,30.51,31.55,30.37,30.54,171600,-1.0369410239792654
2021-10-25,30.54,30.86,30.27,30.34,115000,-0.6548788474132317
2021-10-26,30.3,30.37,29.99,30.37,67600,0.09887936717205559
2021-10-27,30.82,30.86,30.16,30.47,190200,0.3292723081988802
2021-10-28,30.4,31.41,30.34,31.1,118600,2.067607482769951
2021-10-29,31.2,31.2,30.68,31.17,44000,0.22508038585209444
2021-11-01,32.17,32.17,30.86,30.92,251900,-0.8020532563362215
2021-11-02,30.89,31.86,30.34,31.58,259000,2.1345407503233993
2021-11-03,31.72,31.72,30.51,30.51,119900,-3.3882203926535626
2021-11-04,30.34,30.51,30.34,30.47,63500,-0.13110455588332126
2021-11-05,30.51,31.13,30.23,30.75,184400,0.9189366590088621
2021-11-08,31.86,31.86,30.86,31.1,399100,1.1382113821138296
2021-11-09,31.13,31.24,30.86,31.2,193000,0.3215434083601254
2021-11-10,31.2,31.38,30.92,31.2,270200,0.0
2021-11-11,30.58,31.83,30.58,31.69,139400,1.5705128205128371
2021-11-12,31.69,32.55,31.69,32.55,135300,2.7137898390659387
2021-11-15,34.63,34.63,32.21,32.59,383200,0.12288786482337333
2021-11-16,32.24,33.14,32.24,32.9,314800,0.9512120282294978
2021-11-17,32.87,32.94,31.9,32.83,155900,-0.21276595744681437
2021-11-18,32.83,33.49,32.8,33.28,441600,1.3706975327444582
2021-11-19,33.28,33.59,32.94,33.32,480400,0.12019230769231282
2021-11-22,33.32,34.25,33.32,33.94,283100,1.8607442977190747
2021-11-23,33.8,33.84,32.94,33.46,29200,-1.414260459634642
2021-11-24,33.46,33.56,32.97,33.46,25900,0.0
2021-11-25,33.98,33.98,32.94,33.04,86100,-1.2552301255230214
2021-11-26,33.04,33.04,32.31,32.9,68500,-0.4237288135593209
2021-11-29,32.73,33.63,32.17,33.49,44900,1.7933130699088196
2021-11-30,33.8,33.8,32.94,33.11,36700,-1.1346670647954693
2021-12-01,32.42,32.94,32.42,32.83,28500,-0.8456659619450302
2021-12-02,32.76,33.63,32.38,33.59,131600,2.314955833079524
2021-12-03,33.59,33.59,32.59,32.59,26500,-2.9770765108663277
2021-12-06,32.59,33.28,32.24,32.59,47700,0.0
2021-12-07,32.49,32.76,32.17,32.59,44700,0.0
2021-12-08,32.59,33.28,32.59,33.21,26700,1.9024240564590178
2021-12-09,33.1,33.29,30.92,33.18,24600,-0.09033423667570428
2021-12-10,32.74,32.78,32.38,32.63,24600,-1.6576250753465804
2021-12-13,32.05,32.38,31.69,31.98,68500,-1.9920318725099695
2021-12-14,31.8,31.8,30.56,30.56,82400,-4.440275171982499
2021-12-15,30.45,30.45,29.14,29.21,106900,-4.417539267015702
2021-12-16,29.1,30.38,29.1,30.38,70500,4.005477576172534
2021-12-17,30.23,30.23,29.14,29.98,19600,-1.3166556945358732
2021-12-20,29.47,29.47,29.18,29.32,27600,-2.201467645096733
2021-12-21,29.32,29.39,29.1,29.1,43300,-0.7503410641200525
2021-12-22,29.1,29.43,29.07,29.25,51800,0.5154639175257714
2021-12-23,29.1,29.1,28.01,28.38,62000,-2.9743589743589816
2021-12-24,28.38,28.7,28.38,28.63,24700,0.8809020436927328
2021-12-27,28.74,28.81,28.56,28.81,12900,0.6287111421585667
2021-12-28,29.47,29.47,28.38,28.67,23700,-0.4859423811176544
2021-12-29,28.67,28.67,28.56,28.67,8200,0.0
2021-12-30,28.34,28.78,28.34,28.78,13700,0.3836763167073487
2021-12-31,28.78,29.36,28.78,28.78,9900,0.0
2022-01-04,28.74,28.85,27.9,28.23,50000,-1.9110493398193262
2022-01-05,28.38,28.56,28.01,28.34,63000,0.38965639390717843
2022-01-06,27.03,28.23,27.03,27.65,48900,-2.4347212420607
2022-01-07,27.65,28.19,27.65,28.05,10700,1.4466546112115841
2022-01-10,27.98,27.98,26.99,27.58,50900,-1.6755793226381543
2022-01-11,27.54,27.54,26.56,26.56,51200,-3.6983321247280654
2022-01-12,26.56,28.38,25.83,27.28,31900,2.7108433734939874
2022-01-13,27.28,28.38,27.25,28.01,50700,2.6759530791788944
2022-01-14,28.01,28.63,28.01,28.63,31200,2.213495180292746
2022-01-17,29.83,29.83,27.36,27.36,51900,-4.435906391896616
2022-01-18,26.37,28.48,26.37,27.9,10000,1.9736842105263053
2022-01-19,27.5,28.01,27.28,28.01,7700,0.3942652329749219
2022-01-20,28.01,28.01,27.14,27.83,58400,-0.6426276329882352
2022-01-21,26.92,27.47,26.88,26.88,46200,-3.4135824649658586
2022-01-24,26.92,27.79,26.19,27.28,12200,1.488095238095255
2022-01-25,27.28,27.39,26.92,27.39,5100,0.40322580645160144
2022-01-26,27.47,27.98,26.27,27.25,17900,-0.5111354508944843
2022-01-27,27.1,27.25,26.41,27.1,163800,-0.5504587155963248
2022-01-28,27.1,28.96,26.92,28.96,9000,6.863468634686343
2022-02-07,28.96,28.96,27.07,28.01,39000,-3.280386740331487
2022-02-08,28.16,28.74,28.01,28.41,84200,1.4280614066404906
2022-02-09,28.41,28.56,28.34,28.52,12600,0.3871876099964755
2022-02-10,29.1,29.18,27.68,28.74,445500,0.7713884992987419
2022-02-11,28.38,28.78,28.38,28.7,58300,-0.13917884481559062
2022-02-14,28.74,28.96,28.74,28.78,24500,0.2787456445993097
2022-02-15,28.01,28.7,28.01,28.27,96900,-1.7720639332870047
2022-02-16,28.23,28.63,28.12,28.19,89800,-0.282985496993271
2022-02-17,28.12,28.63,28.01,28.59,77300,1.4189428875487797
2022-02-18,28.38,29.14,27.76,28.56,313900,-0.10493179433368471
2022-02-21,28.78,29.83,28.74,29.83,201800,4.4467787114846
2022-02-22,29.79,30.27,28.74,29.79,150700,-0.1340931947703572
2022-02-23,29.72,29.83,29.36,29.36,130300,-1.4434373950990231
2022-02-24,29.36,29.61,28.45,28.85,221400,-1.7370572207084378
2022-02-25,29.36,29.36,28.48,29.1,64700,0.8665511265164572
2022-02-28,29.1,30.01,28.3,29.58,108800,1.6494845360824684
2022-03-01,29.58,29.76,29.29,29.36,87000,-0.7437457741717335
2022-03-02,29.39,29.39,28.74,28.92,93300,-1.4986376021798309
2022-03-03,28.45,29.47,28.41,29.47,93800,1.901798063623783
2022-03-04,29.47,29.54,29.21,29.47,53100,0.0
2022-03-07,29.47,29.47,28.74,29.47,70800,0.0
2022-03-08,29.36,29.36,28.45,28.56,74200,-3.0878859857482177
2022-03-09,28.3,28.41,27.94,28.3,178400,-0.9103641456582601
2022-03-10,28.34,29.03,27.47,28.88,70500,2.0494699646643078
2022-03-11,28.56,28.92,28.27,28.59,55000,-1.0041551246537384
2022-03-14,28.74,29.29,28.59,29.03,64900,1.5389996502273462
2022-03-15,28.99,29.07,28.74,28.81,53300,-0.757836720633831
2022-03-16,28.74,29.1,28.74,28.81,48900,0.0
2022-03-17,29.07,29.21,28.92,29.21,64500,1.3884068031933428
2022-03-18,29.21,29.25,28.88,28.96,78300,-0.8558712769599408
2022-03-21,28.92,29.07,27.98,28.96,62200,0.0
2022-03-22,28.96,28.96,28.38,28.63,78800,-1.139502762430944
2022-03-23,28.63,28.63,28.34,28.34,81800,-1.0129235068110365
2022-03-24,28.38,28.88,28.38,28.52,17700,0.635144671841914
2022-03-25,28.56,29.69,28.48,29.69,92800,4.102384291725114
2022-03-28,29.83,29.83,28.92,29.72,104700,0.10104412260019124
2022-03-29,29.83,31.65,29.83,31.36,130600,5.518169582772536
2022-03-30,31.21,31.76,30.92,31.36,104900,0.0
2022-03-31,30.67,31.83,30.67,31.65,167200,0.9247448979591733
2022-04-01,31.9,32.74,31.29,32.74,79300,3.4439178515007995
2022-04-04,32.96,33.47,32.41,32.74,115100,0.0
2022-04-05,32.74,32.74,32.38,32.45,53100,-0.8857666463042091
2022-04-06,32.45,32.45,31.29,31.83,98500,-1.910631741140234
2022-04-07,31.83,32.74,31.83,32.01,81300,0.5655042412818112
2022-04-08,32.01,34.23,32.01,34.23,301700,6.935332708528574
2022-04-12,34.49,34.49,33.87,34.23,102300,0.0
2022-04-13,34.23,34.23,32.78,33.47,45400,-2.2202746129126427
2022-04-14,33.47,35.8,32.92,35.72,438200,6.72243800418284
2022-04-15,35.76,37.47,35.65,36.85,208800,3.163493840985443
2022-04-18,37.32,37.36,36.02,36.92,120300,0.1899592944369033
2022-04-19,37.03,37.11,36.2,36.2,203200,-1.950162513542797
2022-04-20,35.4,36.56,35.14,35.29,201900,-2.513812154696138
2022-04-21,34.56,36.52,33.83,35.83,220300,1.5301785208274188
2022-04-22,35.83,36.34,33.36,33.36,299600,-6.89366452693273
2022-04-25,32.74,32.92,31.03,31.03,213700,-6.984412470023971
2022-04-26,29.1,33.1,28.88,33.1,210400,6.670963583628753
2022-04-27,30.92,34.38,30.92,34.38,137900,3.8670694864048283
2022-04-28,34.38,34.71,33.98,34.09,76500,-0.8435136707387936
2022-04-29,34.85,34.85,32.01,33.32,536500,-2.2587268993839893
2022-05-04,33.25,33.25,30.99,30.99,403300,-6.992797118847549
2022-05-05,30.19,33.1,30.19,31.43,193700,1.4198128428525303
2022-05-06,30.56,30.92,29.47,29.47,168600,-6.23608017817372
2022-05-09,29.47,29.47,27.43,27.43,309900,-6.9222938581608435
2022-05-10,25.54,26.63,25.54,26.41,206900,-3.718556325191391
2022-05-11,26.56,26.96,25.87,26.05,121900,-1.3631200302915536
2022-05-12,26.34,26.7,24.92,24.92,206200,-4.337811900191935
2022-05-13,24.92,25.47,23.21,23.21,216200,-6.86195826645265
2022-05-16,23.61,24.81,23.61,23.65,240200,1.8957345971563955
2022-05-17,24.23,25.28,23.65,25.28,76400,6.892177589852011
2022-05-18,26.19,26.19,25.28,25.65,76500,1.463607594936689
2022-05-19,25.1,25.65,24.85,25.47,55300,-0.7017543859649145
2022-05-20,25.47,25.83,25.14,25.5,54100,0.11778563015312216
2022-05-23,25.5,25.54,24.92,24.92,73300,-2.274509803921565
2022-05-24,24.92,25.43,24.01,24.37,92400,-2.2070626003210303
2022-05-25,24.41,25.68,24.41,25.03,98000,2.708247845711931
2022-05-26,25.97,26.52,25.5,26.37,97200,5.353575709149028
2022-05-27,26.77,26.77,26.41,26.77,83900,1.516875237011761
2022-05-30,26.96,27.98,26.96,27.83,111100,3.9596563317146005
2022-05-31,28.19,28.34,27.76,28.01,86800,0.6467840459935426
2022-06-01,28.01,28.48,27.25,28.41,119500,1.4280614066404906
2022-06-02,28.38,29.83,28.34,29.1,145200,2.428722280887019
2022-06-03,29.1,29.58,29.1,29.39,78600,0.996563573883158
2022-06-06,29.87,29.87,28.7,28.74,125600,-2.211636611092216
2022-06-07,30.56,30.56,29.57,30.5,183400,6.123869171885876
2022-06-08,30.67,32.63,30.67,32.63,127400,6.9836065573770645
2022-06-09,33.29,33.56,32.52,32.68,140900,0.15323322096230108
2022-06-10,32.41,33.23,30.45,31.1,165400,-4.83476132190942
2022-06-13,29.08,30.07,28.97,28.97,188100,-6.848874598070742
2022-06-14,28.43,29.52,27.12,29.3,146800,1.1391094235416066
2022-06-15,30.01,30.01,27.39,28.21,113800,-3.720136518771333
2022-06-16,29.19,30.17,28.43,30.17,102100,6.94789081885856
2022-06-17,29.19,31.16,28.92,31.05,117900,2.916804772953263
2022-06-20,30.83,32.19,30.01,30.78,147800,-0.8695652173912993
2022-06-21,30.56,31.59,29.47,30.17,105600,-1.9818063677712772
2022-06-22,30.56,30.99,28.1,28.1,225100,-6.861120318196889
2022-06-23,27.83,28.92,27.28,28.92,134000,2.918149466192177
2022-06-24,28.16,29.3,28.16,28.16,41000,-2.627939142461966
2022-06-27,28.81,28.92,28.21,28.92,75000,2.6988636363636465
2022-06-28,28.92,29.9,28.65,28.7,103300,-0.7607192254495243
2022-06-29,28.37,28.92,28.21,28.81,50000,0.3832752613240453
2022-06-30,28.43,28.92,27.88,27.88,64400,-3.2280458174245075
2022-07-01,27.99,27.99,25.95,26.3,181900,-5.667144906743182
2022-07-04,26.96,26.96,26.22,26.25,46700,-0.19011406844107182
2022-07-05,26.25,26.25,24.55,24.55,111900,-6.476190476190469
2022-07-06,24.01,24.72,23.46,23.57,89600,-3.991853360488795
2022-07-07,23.46,23.95,22.94,23.57,76800,0.0
2022-07-08,23.65,24.99,23.65,24.45,38900,3.7335596096733203
2022-07-11,24.45,24.47,23.63,24.01,38800,-1.7995910020449757
2022-07-12,23.95,24.55,23.57,24.01,55400,0.0
2022-07-13,24.28,24.5,23.79,24.45,97500,1.8325697625989124
2022-07-14,24.45,24.45,23.79,24.28,50400,-0.6952965235173747
2022-07-15,23.85,24.36,23.85,24.23,58800,-0.20593080724876645
2022-07-18,24.25,25.65,24.25,25.26,135100,4.250928600907966
2022-07-19,25.65,25.65,24.42,24.83,74600,-1.70229612034839
2022-07-20,25.1,26.55,25.1,26.55,187100,6.927104309303278
2022-07-21,26.6,28.32,26.36,26.46,151500,-0.3389830508474523
2022-07-22,26.74,26.74,25.76,26.03,50300,-1.6250944822373437
2022-07-25,25.18,25.92,25.1,25.1,66900,-3.5728006146753755
2022-07-26,25.13,25.62,23.74,24.55,113300,-2.1912350597609542
2022-07-27,24.53,24.75,24.04,24.75,54400,0.8146639511201537
2022-07-28,25.86,25.86,24.75,24.99,77000,0.9696969696969537
2022-07-29,24.66,24.99,24.55,24.75,57100,-0.9603841536614532
2022-08-01,24.75,24.75,24.01,24.55,146900,-0.8080808080808022
2022-08-02,24.55,24.66,24.15,24.55,118000,0.0
2022-08-03,24.53,24.77,22.86,24.01,407000,-2.1995926680244415
2022-08-04,24.28,24.83,24.28,24.5,155800,2.0408163265306145
2022-08-05,24.75,24.75,24.39,24.45,79900,-0.20408163265306367
2022-08-08,24.53,25.54,24.12,25.48,295700,4.21267893660533
2022-08-09,25.7,26.16,25.4,25.65,260600,0.6671899529042236
2022-08-10,25.21,25.51,24.94,25.07,97700,-2.2612085769980417
2022-08-11,25.15,25.26,24.34,24.39,402200,-2.7124052652572783
2022-08-12,24.39,24.55,23.76,24.55,240000,0.6560065600655918
2022-08-15,24.55,24.55,24.17,24.39,164900,-0.6517311608961296
2022-08-16,24.25,24.47,24.04,24.17,239900,-0.9020090200901998
2022-08-17,24.39,24.83,24.28,24.61,294700,1.8204385601985784
2022-08-18,24.75,24.75,24.12,24.23,142300,-1.5440877691995092
2022-08-19,24.23,24.5,23.74,24.12,136300,-0.4539826661163815
2022-08-22,24.12,24.12,23.74,23.74,139000,-1.5754560530680028
2022-08-23,23.46,24.01,23.19,23.55,155500,-0.800336983993255
2022-08-24,23.74,24.12,23.71,23.82,139600,1.146496815286624
2022-08-25,23.87,24.09,23.74,24.09,238300,1.133501259445846
2022-08-26,24.12,24.34,24.01,24.06,169700,-0.12453300124533051
2022-08-29,23.63,23.65,22.86,23.33,324900,-3.0340814630091417
2022-08-30,23.44,23.52,22.92,22.94,195600,-1.6716673810544203
2022-08-31,22.94,23.03,22.64,22.92,197900,-0.08718395815169311
2022-09-05,22.92,23.27,22.92,23.14,106200,0.9598603839441555
2022-09-06,23.41,23.41,22.81,22.86,197800,-1.2100259291270565
2022-09-07,22.81,22.81,21.34,21.34,314700,-6.649168853893261
2022-09-08,21.34,21.55,21.2,21.23,171400,-0.5154639175257714
2022-09-09,21.55,21.55,20.6,20.68,177800,-2.590673575129532
2022-09-12,20.79,21.17,20.74,21.14,97972,2.2243713733075543
2022-09-13,21.14,21.17,21.04,21.09,50982,-0.23651844843898262
2022-09-14,20.52,20.82,20.41,20.74,163313,-1.6595542911332473
2022-09-15,20.74,21.06,20.52,20.68,66228,-0.2892960462873573
2022-09-16,20.65,20.68,20.03,20.19,177839,-2.3694390715667257
2022-09-19,20.52,20.52,19.37,19.56,139380,-3.1203566121842607
2022-09-20,19.59,19.75,19.32,19.64,111701,0.4089979550102374
2022-09-21,19.37,19.81,19.37,19.67,52385,0.15274949083503575
2022-09-22,19.48,20.08,19.43,19.97,46636,1.5251652262328275
2022-09-23,19.92,20.19,19.89,20.08,43932,0.5508262393590257
2022-09-26,19.92,20.08,19.1,19.23,113150,-4.2330677290836505
2022-09-27,18.96,19.51,18.96,19.43,42860,1.0400416016640657
2022-09-28,19.43,19.43,19.1,19.15,38465,-1.4410705095213694
2022-09-29,19.21,19.62,19.15,19.34,74811,0.992167101827679
2022-09-30,18.8,19.1,18.06,18.66,113855,-3.5160289555325686
2022-10-03,19.1,19.1,18.01,18.06,39124,-3.2154340836012985
2022-10-04,18.69,18.69,17.46,18.06,132928,0.0
2022-10-05,18.17,18.63,18.01,18.33,101627,1.4950166112956742
2022-10-06,17.9,18.31,17.46,18.06,56200,-1.4729950900163602
2022-10-07,17.62,17.68,16.81,16.81,243150,-6.921373200442971
2022-10-10,16.37,17.02,16.37,16.75,89316,-0.35693039857227493
2022-10-11,16.48,16.86,16.4,16.4,104725,-2.0895522388059806
2022-10-12,16.4,16.86,16.4,16.75,30866,2.1341463414634276
2022-10-13,16.86,17.32,16.86,17.27,108625,3.104477611940304
2022-10-14,17.92,17.92,17.46,17.46,42649,1.1001737116386856
2022-10-17,17.46,18.66,17.3,18.22,110464,4.352806414662069
2022-10-18,18.66,19.29,18.66,19.29,127677,5.872667398463238
2022-10-19,19.29,19.59,18.72,19.15,104321,-0.7257646448937338
2022-10-20,19.15,19.94,19.15,19.92,146655,4.0208877284595435
2022-10-21,20.13,20.13,18.69,18.83,154820,-5.471887550200815
2022-10-24,18.03,19.1,18.03,18.99,150946,0.849707912904929
2022-10-25,19.04,19.32,18.5,19.1,207939,0.5792522380200227
2022-10-26,19.26,19.43,18.55,19.07,267507,-0.15706806282722585
2022-10-27,19.07,20.24,18.83,20.24,135611,6.135291033036183
2022-10-28,20.63,20.63,19.92,20.19,66498,-0.24703557312251156
2022-10-31,19.86,20.3,19.86,20.16,99322,-0.14858841010402246
2022-11-01,20.57,20.74,20.08,20.08,42591,-0.3968253968254065
2022-11-02,20.08,20.41,19.92,20.41,159769,1.6434262948207268
2022-11-03,20.19,20.41,20.19,20.35,43518,-0.29397354238117623
2022-11-04,19.92,20.19,19.15,20.19,83290,-0.7862407862407883
2022-11-07,19.97,20.08,19.37,19.59,94967,-2.9717682020802494
2022-11-08,19.13,19.13,18.61,18.77,56448,-4.1858090862685104
2022-11-09,19.15,19.64,19.15,19.64,55077,4.635055940330313
2022-11-10,18.83,19.48,18.8,18.83,252809,-4.124236252545832
2022-11-11,19.15,19.15,18.93,19.1,66609,1.4338821030271065
2022-11-14,19.62,19.62,18.28,18.55,78483,-2.8795811518324665
2022-11-15,18.55,18.74,18.12,18.5,110344,-0.26954177897574594
2022-11-16,18.5,19.78,18.01,19.78,89028,6.918918918918915
2022-11-17,20.19,20.35,19.81,20.3,74467,2.628918099089983
2022-11-18,20.3,20.41,19.92,20.41,79942,0.5418719211822687
2022-11-21,20.35,20.52,20.08,20.08,91361,-1.6168544830965303
2022-11-22,19.75,20.35,19.75,20.19,61879,0.5478087649402497
2022-11-23,20.19,20.27,20.03,20.19,43560,0.0
2022-11-24,20.13,20.3,20.08,20.24,49066,0.24764735017333006
2022-11-25,20.24,20.52,20.08,20.52,79043,1.3833992094861802
2022-11-28,21.66,21.66,20.57,20.82,105432,1.4619883040935644
2022-11-29,21.28,21.28,20.19,20.74,127216,-0.3842459173871382
2022-11-30,20.46,20.52,20.19,20.52,100931,-1.060752169720347
2022-12-01,20.74,21.28,20.46,21.28,207476,3.70370370370372
2022-12-02,21.23,21.83,21.01,21.83,102320,2.584586466165395
2022-12-05,22.13,22.13,21.66,21.8,114513,-0.13742556115435844
2022-12-06,21.66,21.8,21.06,21.06,136841,-3.394495412844045
2022-12-07,21.47,21.47,21.01,21.23,59745,0.8072174738841476
2022-12-08,21.87,21.87,20.96,21.58,56643,1.6486104569006121
2022-12-09,21.81,21.81,21.11,21.58,48947,0.0
2022-12-12,21.08,21.29,20.76,20.76,130555,-3.7998146431881263
2022-12-13,20.53,20.7,19.71,19.83,124375,-4.479768786127181
2022-12-14,19.94,20.79,19.94,20.53,80279,3.5300050428643592
2022-12-15,20.53,20.88,20.21,20.38,51748,-0.7306380905991339
2022-12-16,20.12,20.35,20.0,20.0,102341,-1.8645731108930308
2022-12-19,19.83,20.29,19.59,20.12,118651,0.6000000000000005
2022-12-20,20.12,20.12,19.04,19.24,80137,-4.373757455268401
2022-12-21,18.72,19.24,18.66,19.24,118463,0.0
2022-12-22,19.24,19.24,18.66,18.78,54753,-2.3908523908523716
2022-12-23,18.78,19.27,18.78,19.21,62329,2.289669861554855
2022-12-26,19.19,19.3,18.78,19.07,90226,-0.7287870900572702
2022-12-27,19.01,19.07,18.89,18.98,52942,-0.47194546407970384
2022-12-28,19.24,19.24,19.1,19.1,50111,0.6322444678609207
2022-12-29,19.19,19.89,19.16,19.71,87123,3.1937172774869182
2022-12-30,19.71,19.77,19.13,19.24,123740,-2.3845763571791134
2023-01-03,19.01,19.3,18.89,18.95,160442,-1.5072765072765004
2023-01-04,18.95,19.16,18.72,18.75,49850,-1.055408970976246
2023-01-05,18.95,18.95,18.43,18.52,75249,-1.2266666666666648
2023-01-06,18.6,18.95,18.6,18.69,74603,0.9179265658747493
2023-01-09,19.1,19.24,18.89,19.1,84916,2.193686463349387
2023-01-10,19.13,19.13,18.95,19.13,37666,0.15706806282720365
2023-01-11,19.24,19.24,19.07,19.1,27083,-0.1568217459487542
2023-01-12,19.1,19.1,18.95,18.98,32663,-0.6282722513089034
2023-01-13,19.1,19.27,19.01,19.01,34253,0.15806111696523573
2023-01-16,19.01,19.13,18.49,19.07,15035,0.31562335612833614
2023-01-17,18.89,19.36,18.89,19.36,50328,1.5207131620346148
2023-01-18,19.13,19.77,19.13,19.77,56929,2.117768595041314
2023-01-19,19.83,19.94,19.42,19.59,34184,-0.9104704097116834
2023-01-27,19.65,19.89,19.62,19.86,20628,1.3782542113323082
2023-01-30,20.12,20.12,19.24,19.8,33050,-0.30211480362537513
2023-01-31,19.54,19.74,19.54,19.74,46329,-0.3030303030303161
2023-02-01,19.74,20.7,19.74,20.29,213340,2.7862208713272496
2023-02-02,20.29,20.29,19.71,19.83,36860,-2.2671266633809806
2023-02-03,19.86,19.86,19.42,19.68,40963,-0.7564296520423563
2023-02-06,19.68,19.68,19.24,19.24,70204,-2.2357723577235866
2023-02-07,19.27,19.51,19.19,19.19,60306,-0.25987525987524185
2023-02-08,19.16,19.27,19.1,19.24,61684,0.2605523710265567
2023-02-09,19.24,19.62,19.24,19.24,40201,0.0
2023-02-10,19.24,19.56,19.24,19.36,26007,0.6237006237006293
2023-02-13,19.04,19.19,18.72,18.78,27740,-2.9958677685950286
2023-02-14,18.78,19.51,18.78,19.21,16348,2.289669861554855
2023-02-15,19.24,19.24,19.1,19.24,24453,0.1561686621551095
2023-02-16,19.3,20.41,19.24,20.09,204300,4.417879417879433
2023-02-17,20.35,20.35,20.06,20.09,24966,0.0
2023-02-20,19.71,20.47,19.71,20.47,128120,1.8914883026381224
2023-02-21,20.47,20.47,20.12,20.38,91200,-0.43966780654616233
2023-02-22,20.12,20.35,19.83,19.91,62900,-2.3061825318940077
2023-02-23,19.83,19.83,19.3,19.48,61820,-2.1597187343043722
2023-02-24,19.77,19.77,19.3,19.48,18725,0.0
2023-02-27,19.62,19.62,18.98,19.04,61563,-2.2587268993839893
2023-02-28,19.07,19.21,18.92,19.07,26303,0.15756302521008347
2023-03-01,19.07,19.42,19.07,19.39,25728,1.6780283167278531
2023-03-02,19.27,19.36,19.24,19.24,10605,-0.773594636410535
2023-03-03,19.24,19.24,19.04,19.04,11446,-1.039501039501034
2023-03-06,19.71,19.71,19.04,19.04,13144,0.0
2023-03-07,19.36,19.36,18.98,19.36,25164,1.680672268907557
2023-03-08,19.36,19.36,19.07,19.24,13500,-0.6198347107438051
2023-03-09,19.24,19.36,19.16,19.3,46522,0.31185031185032575
2023-03-10,19.13,20.35,19.13,20.18,45175,4.559585492227969
2023-03-13,19.65,19.65,19.3,19.62,12625,-2.775024777006929
2023-03-14,19.59,19.59,19.13,19.48,22404,-0.7135575942915473
2023-03-15,19.48,19.59,19.36,19.54,9820,0.30800821355234653
2023-03-16,19.3,19.42,19.21,19.42,19701,-0.6141248720573089
2023-03-17,19.24,19.56,19.24,19.33,4920,-0.463439752832151
2023-03-20,19.48,19.48,19.13,19.13,10443,-1.03466114847387
2023-03-21,19.19,19.19,19.07,19.16,9729,0.1568217459487764
2023-03-22,19.24,19.24,19.04,19.13,17938,-0.15657620041754639
2023-03-23,19.13,19.19,19.01,19.19,6101,0.3136434918975528
2023-03-24,19.19,19.45,19.13,19.24,9731,0.2605523710265567
2023-03-27,19.13,19.3,19.13,19.3,24787,0.31185031185032575
2023-03-28,19.3,19.3,18.95,18.95,23254,-1.81347150259068
2023-03-29,18.98,19.24,18.89,18.89,29500,-0.31662269129286713
2023-03-30,19.13,19.21,19.01,19.13,38030,1.2705134992059275
2023-03-31,19.13,19.24,18.95,19.24,29800,0.5750130684788246
2023-04-03,19.42,19.54,19.21,19.3,48926,0.31185031185032575
2023-04-04,19.3,19.39,19.24,19.39,63608,0.4663212435233044
2023-04-05,19.39,19.83,19.39,19.65,8547,1.3408973697782267
2023-04-06,19.42,19.54,19.27,19.42,29292,-1.1704834605597791
2023-04-07,19.42,19.54,19.42,19.54,37645,0.6179196704428236
2023-04-10,19.54,19.97,19.51,19.94,108733,2.0470829068577334
2023-04-11,19.83,19.83,19.42,19.56,22495,-1.905717151454378
2023-04-12,19.56,19.94,19.39,19.74,52019,0.9202453987730008
2023-04-13,19.8,20.18,19.8,20.12,140116,1.9250253292806718
2023-04-14,20.12,20.41,19.83,19.83,59814,-1.4413518886680077
2023-04-17,19.83,19.83,19.24,19.74,29221,-0.45385779122542047
2023-04-18,19.74,19.89,19.59,19.89,38306,0.7598784194529085
2023-04-19,19.89,19.89,19.59,19.59,28871,-1.5082956259426905
2023-04-20,19.71,20.38,19.71,20.18,70856,3.011740684022457
2023-04-21,20.18,20.41,19.74,19.94,33312,-1.189296333002965
2023-04-24,19.83,19.89,19.36,19.36,29676,-2.9087261785356144
2023-04-25,19.36,19.54,19.13,19.19,64448,-0.8780991735537147
2023-04-26,19.19,19.59,19.19,19.51,18711,1.6675351745701006
2023-04-27,19.51,19.91,19.24,19.36,57298,-0.7688364941055958
2023-04-28,19.27,19.71,19.27,19.65,23023,1.4979338842975087
2023-05-04,19.36,19.71,19.19,19.24,66783,-2.0865139949109435
2023-05-05,19.24,19.3,19.16,19.24,18488,0.0
2023-05-08,19.13,19.3,19.07,19.24,46506,0.0
2023-05-09,19.19,19.36,19.19,19.24,16560,0.0
2023-05-10,19.36,19.36,19.21,19.3,58112,0.31185031185032575
2023-05-11,19.33,19.39,19.24,19.36,75965,0.31088082901553626
2023-05-12,19.36,19.36,19.27,19.36,21352,0.0
2023-05-15,19.3,19.39,19.3,19.39,58724,0.15495867768595684
2023-05-16,19.39,19.74,19.24,19.39,62131,0.0
2023-05-17,19.36,19.39,19.24,19.24,35918,-0.773594636410535
2023-05-18,19.33,19.33,19.16,19.19,28627,-0.25987525987524185
2023-05-19,19.27,19.27,19.01,19.04,49603,-0.7816571130797367
2023-05-22,19.04,19.04,18.6,18.78,166296,-1.36554621848739
2023-05-23,18.95,18.95,18.66,18.78,208450,0.0
2023-05-24,18.69,18.95,18.69,18.87,75315,0.4792332268370503
2023-05-25,18.87,18.89,18.6,18.84,86145,-0.15898251192369983
2023-05-26,18.84,18.89,18.54,18.63,46310,-1.1146496815286677
2023-05-29,18.66,18.81,18.66,18.78,89055,0.8051529790660261
2023-05-30,18.78,19.24,18.78,19.19,207169,2.183173588924392
2023-05-31,19.19,19.51,19.19,19.42,116814,1.1985409067222452
2023-06-01,19.45,19.71,19.42,19.71,163415,1.4933058702368607
2023-06-02,19.77,19.77,19.07,19.36,172677,-1.7757483510908223
2023-06-05,19.36,19.83,19.36,19.71,133892,1.8078512396694224
2023-06-06,19.74,20.99,19.74,20.88,369920,5.936073059360725
2023-06-07,20.99,20.99,20.38,20.73,228697,-0.7183908045976906
2023-06-08,20.5,20.94,20.44,20.53,127046,-0.9647853352628966
2023-06-09,20.53,20.88,20.47,20.76,129322,1.1203117389186668
2023-06-12,20.96,21.58,20.59,21.58,289810,3.9499036608863003
2023-06-13,22.04,22.04,20.82,21.02,159005,-2.5949953660797
2023-06-14,21.43,21.43,20.76,20.76,139906,-1.236917221693612
2023-06-15,20.76,20.76,20.35,20.47,145609,-1.3969171483622533
2023-06-16,20.7,20.88,20.41,20.47,128221,0.0
2023-06-19,20.47,20.56,20.15,20.53,96133,0.2931118710307823
2023-06-20,20.59,20.88,20.53,20.7,71650,0.8280565026789866
2023-06-21,20.7,20.82,20.53,20.76,79503,0.28985507246377384
2023-06-22,20.88,20.99,20.82,20.96,182662,0.963391136801528
2023-06-23,21.2,21.2,20.73,20.82,82578,-0.667938931297718
2023-06-26,20.5,20.82,20.5,20.61,73469,-1.008645533141217
2023-06-27,20.82,21.29,20.64,21.29,266819,3.2993692382338624
2023-06-28,21.29,21.87,21.26,21.26,163758,-0.14091122592765348
2023-06-29,21.11,21.23,20.64,20.64,149855,-2.9162746942615336
2023-06-30,20.82,20.96,20.53,20.94,84960,1.4534883720930258
2023-07-03,20.94,20.94,20.53,20.7,90312,-1.146131805157602
2023-07-04,21.34,21.34,20.82,20.99,138729,1.400966183574881
2023-07-05,20.99,21.4,20.94,20.99,274888,0.0
2023-07-06,20.85,21.81,20.85,21.81,219738,3.9066222010481155
2023-07-07,21.81,22.45,21.81,21.98,881925,0.7794589637780902
2023-07-10,22.16,22.42,21.96,22.25,366716,1.2283894449499622
2023-07-11,22.31,22.66,22.1,22.54,361911,1.3033707865168553
2023-07-12,22.45,22.74,22.16,22.16,166844,-1.685891748003543
2023-07-13,22.51,23.15,22.45,22.71,266419,2.4819494584837676
2023-07-14,22.77,22.8,22.16,22.66,381859,-0.22016732716865217
2023-07-17,22.66,23.03,22.22,22.45,234742,-0.9267431597528741
2023-07-18,22.45,22.74,22.1,22.39,190751,-0.26726057906458767
2023-07-19,22.39,22.39,22.13,22.16,187153,-1.0272443054935243
2023-07-20,22.1,22.16,21.87,21.87,200833,-1.3086642599277942
2023-07-21,21.9,22.54,21.52,22.04,711184,0.777320530406933
2023-07-24,22.45,22.45,21.84,21.98,354731,-0.27223230490017736
2023-07-25,21.98,22.31,21.81,21.87,373693,-0.5004549590536866
2023-07-26,22.04,22.04,21.64,21.75,378168,-0.5486968449931462
2023-07-27,21.75,21.75,21.31,21.37,438919,-1.7471264367816097
2023-07-28,21.29,21.69,21.17,21.69,243165,1.4974262985493647
2023-07-31,22.16,23.03,21.81,22.36,479707,3.0889810972798415
2023-08-01,22.63,22.98,22.36,22.36,469559,0.0
2023-08-02,22.36,22.63,22.22,22.39,287840,0.13416815742397503
2023-08-03,22.31,22.8,22.31,22.6,284797,0.937918713711472
2023-08-04,22.71,22.71,22.48,22.63,154430,0.13274336283184418
2023-08-07,22.8,22.92,22.25,22.42,438332,-0.9279717189571213
2023-08-08,22.45,22.45,22.22,22.39,202659,-0.1338090990187335
2023-08-09,22.39,22.39,22.19,22.22,184549,-0.7592675301473895
2023-08-10,22.22,22.45,22.04,22.07,241133,-0.6750675067506706
2023-08-11,22.1,22.1,21.61,21.75,331292,-1.4499320344358857
2023-08-14,21.93,22.25,21.78,22.25,319133,2.298850574712641
2023-08-15,22.33,22.36,22.16,22.28,209765,0.1348314606741674
2023-08-16,22.28,22.39,22.22,22.31,167811,0.13464991023337536
2023-08-17,22.31,22.63,22.19,22.39,323925,0.35858359480054336
2023-08-18,22.31,22.31,20.99,21.02,371935,-6.118803037070119
2023-08-21,21.29,21.29,20.96,21.02,183228,0.0
2023-08-22,21.11,21.23,20.59,21.23,179918,0.9990485252140857
2023-08-23,21.4,21.4,21.08,21.26,114337,0.14130946773434072
2023-08-24,21.26,21.37,21.05,21.37,148701,0.5174035747883332
2023-08-25,21.43,21.87,21.34,21.61,174013,1.123069723912029
2023-08-28,21.69,21.84,21.66,21.84,75515,1.06432207311431
2023-08-29,22.04,22.28,21.9,22.1,141803,1.1904761904762085
2023-08-30,21.9,22.33,21.9,22.33,150070,1.0407239819004488
2023-08-31,22.42,23.88,22.42,23.88,663973,6.941334527541421
2023-09-05,25.08,25.25,24.49,25.08,476221,5.025125628140703
2023-09-06,25.08,25.95,24.61,25.08,442306,0.0
2023-09-07,25.54,25.54,24.73,25.31,264251,0.9170653907496051
2023-09-08,24.67,26.07,24.67,25.51,229303,0.79020150138287
2023-09-11,26.59,26.59,25.45,25.83,569898,1.2544100352802623
2023-09-12,25.37,26.53,25.37,26.53,353142,2.7100271002710175
2023-09-13,26.36,27.18,25.95,27.06,384039,1.9977384093478934
2023-09-14,27.06,27.06,26.13,26.13,379089,-3.4368070953436747
2023-09-15,26.24,26.24,25.19,25.95,222816,-0.6888633754305373
2023-09-18,25.95,26.24,25.66,26.24,132664,1.1175337186897893
2023-09-19,26.53,26.53,25.72,26.42,140818,0.6859756097561176
2023-09-20,26.42,27.99,26.42,27.47,313329,3.97426192278576
2023-09-21,27.93,27.93,27.26,27.38,211530,-0.3276301419730565
2023-09-22,26.71,27.87,26.42,27.58,411108,0.7304601899196461
2023-09-25,27.55,27.55,25.66,25.66,356915,-6.961566352429294
2023-09-26,24.55,25.63,23.97,23.97,507386,-6.5861262665627525
2023-09-27,24.96,24.96,24.06,24.96,321461,4.130162703379225
2023-09-28,24.78,25.48,24.78,25.08,119555,0.48076923076922906
2023-09-29,25.16,25.83,25.1,25.31,234806,0.9170653907496051
2023-10-02,25.25,26.01,25.19,25.37,145613,0.23706045041487211
2023-10-03,25.34,25.43,24.49,24.96,281110,-1.61608198659835
2023-10-04,24.26,25.69,24.26,25.31,189295,1.4022435897435903
2023-10-05,25.95,25.95,25.48,25.78,160842,1.8569735282497168
2023-10-06,25.6,25.89,25.13,25.89,147117,0.4266873545383909
2023-10-09,25.89,26.36,25.37,25.72,195185,-0.656624179219778
2023-10-10,25.78,26.53,25.66,26.01,287816,1.1275272161741956
2023-10-11,26.07,26.36,25.66,26.36,128317,1.3456362937331656
2023-10-12,26.71,26.91,26.01,26.48,163803,0.4552352048558417
2023-10-13,26.24,27.12,26.13,26.59,144674,0.41540785498488386
2023-10-16,26.56,26.56,25.37,25.37,174500,-4.588191049266632
2023-10-17,25.45,25.83,23.91,23.91,184323,-5.7548285376428865
2023-10-18,24.26,24.26,22.45,22.63,335201,-5.353408615641997
2023-10-19,22.63,23.27,22.45,22.92,150093,1.2814847547503394
2023-10-20,23.03,23.91,22.36,23.85,131464,4.057591623036649
2023-10-23,23.85,23.85,22.74,22.77,50522,-4.5283018867924625
2023-10-24,22.95,23.27,22.51,23.03,42400,1.1418533157663724
2023-10-25,23.06,23.27,22.92,22.92,30730,-0.4776378636560996
2023-10-26,22.66,22.66,21.31,21.31,356969,-7.02443280977314
2023-10-27,22.45,22.45,20.41,22.04,58720,3.425621773815113
2023-10-30,22.04,22.04,20.91,20.91,64025,-5.1270417422867425
2023-10-31,20.91,20.99,19.54,19.54,165154,-6.55188904830225
2023-11-01,20.26,20.26,19.45,20.12,71058,2.9682702149437246
2023-11-02,20.41,21.23,20.18,21.05,106803,4.622266401590447
2023-11-03,21.34,21.34,20.7,21.11,46183,0.2850356294536782
2023-11-06,21.11,21.17,20.91,20.94,63412,-0.8053055423969613
2023-11-07,20.94,21.64,20.67,21.58,166073,3.0563514804202274
2023-11-08,21.75,22.16,21.29,22.16,64846,2.6876737720111343
2023-11-09,22.16,22.45,21.64,21.69,185524,-2.1209386281588416
2023-11-10,21.58,21.72,21.34,21.43,75222,-1.1987090825265168
2023-11-13,21.75,21.75,21.26,21.29,132702,-0.6532897806812876
2023-11-14,21.34,22.04,21.34,21.52,211050,1.080319398778773
2023-11-15,22.45,22.45,21.66,21.66,249615,0.6505576208178487
2023-11-16,21.66,22.28,21.66,21.93,72352,1.2465373961218829
2023-11-17,22.39,22.63,21.87,22.16,410094,1.0487916096671324
2023-11-20,22.16,22.86,21.98,22.6,173454,1.9855595667870096
2023-11-21,23.03,23.03,22.6,22.98,206725,1.6814159292035447
2023-11-22,22.98,23.01,22.57,22.71,151674,-1.1749347258485643
2023-11-23,22.68,22.95,22.19,22.19,212553,-2.289740202553936
2023-11-24,22.39,22.45,21.93,22.16,190582,-0.13519603424966276
2023-11-27,22.6,22.6,22.16,22.16,58638,0.0
2023-11-28,22.33,22.74,22.16,22.74,119247,2.6173285198555885
2023-11-29,22.74,22.92,22.71,22.92,129749,0.7915567282322122
2023-11-30,22.77,23.12,22.77,22.8,136920,-0.5235602094240899
2023-12-01,22.8,22.95,22.63,22.8,68681,0.0
2023-12-04,23.09,23.33,23.06,23.27,246565,2.0614035087719307
2023-12-05,23.77,23.77,22.96,23.02,195805,-1.0743446497636477
2023-12-06,23.02,23.3,22.93,23.27,116800,1.0860121633362363
2023-12-07,23.14,23.64,22.93,23.46,226987,0.8165019338203683
2023-12-08,23.33,23.36,23.18,23.36,104415,-0.4262574595055524
2023-12-11,23.36,23.36,23.02,23.14,73762,-0.9417808219178037
2023-12-12,23.33,23.61,23.18,23.36,224802,0.9507346585998278
2023-12-13,23.61,23.61,23.02,23.02,92838,-1.4554794520547976
2023-12-14,23.05,23.18,22.77,22.77,115242,-1.0860121633362252
2023-12-15,22.46,22.77,22.4,22.4,103184,-1.624945103205977
2023-12-18,22.4,22.4,22.15,22.15,52050,-1.1160714285714302
2023-12-19,22.18,22.3,21.9,22.27,55226,0.5417607223476395
2023-12-20,22.52,22.71,22.4,22.71,89560,1.9757521329142325
2023-12-21,22.71,22.71,22.58,22.62,16686,-0.39630118890356947
2023-12-22,22.65,22.83,22.46,22.46,55128,-0.7073386383731228
2023-12-25,22.46,22.9,22.46,22.9,122270,1.9590382902938464
2023-12-26,22.9,23.14,22.9,22.93,78336,0.13100436681223737
2023-12-27,23.02,23.42,23.02,23.39,158753,2.006105538595726
2023-12-28,23.49,23.49,23.08,23.21,91434,-0.7695596408721639
2023-12-29,23.21,23.21,22.58,22.58,137196,-2.714347264110306
2024-01-02,22.58,22.9,22.58,22.77,45760,0.8414526129318034
2024-01-03,22.77,23.58,22.46,23.58,116112,3.5573122529644285
2024-01-04,23.64,23.64,23.27,23.27,110943,-1.31467345207803
2024-01-05,23.33,23.33,23.02,23.27,60911,0.0
2024-01-08,23.27,23.27,22.99,23.05,91964,-0.9454232917920025
2024-01-09,23.08,23.46,23.08,23.27,108210,0.9544468546637708
2024-01-10,23.27,23.3,23.05,23.21,92663,-0.25784271594326835
2024-01-11,23.27,23.27,23.02,23.14,96710,-0.30159414045669575
2024-01-12,23.14,23.14,22.71,22.71,84401,-1.8582541054451118
2024-01-15,22.83,22.83,22.71,22.71,59812,0.0
2024-01-16,22.71,22.77,22.65,22.71,43847,0.0
2024-01-17,22.71,23.11,22.71,22.99,42607,1.232937032144421
2024-01-18,23.08,23.08,22.74,22.9,29170,-0.391474554153981
2024-01-19,22.93,23.02,22.8,22.96,43049,0.26200873362447474
2024-01-22,22.93,22.96,22.71,22.96,55528,0.0
2024-01-23,22.96,22.96,22.74,22.9,47518,-0.2613240418118612
2024-01-24,22.93,23.14,22.83,22.96,98805,0.26200873362447474
2024-01-25,22.96,22.96,22.83,22.96,13377,0.0
2024-01-26,22.96,23.02,22.83,22.96,43863,0.0
2024-01-29,22.99,23.58,22.96,23.39,211668,1.8728222996515775
2024-01-30,23.77,23.89,23.33,23.89,211319,2.1376656690893503
2024-01-31,24.58,24.58,24.14,24.26,327005,1.5487651737128516
2024-02-01,24.02,24.58,24.02,24.26,164641,0.0
2024-02-02,24.42,24.51,24.14,24.36,122232,0.41220115416322756
2024-02-05,24.33,24.76,24.14,24.58,121284,0.9031198686371145
2024-02-06,24.39,24.64,24.39,24.54,63021,-0.16273393002440573
2024-02-07,24.64,24.67,24.51,24.61,110410,0.2852485737571353
2024-02-15,24.58,25.76,24.39,25.35,186412,3.0069077610727524
2024-02-16,25.45,25.51,25.2,25.26,67653,-0.35502958579881616
2024-02-19,25.26,25.45,24.89,24.89,106914,-1.4647664291369766
2024-02-20,25.26,25.26,24.67,24.79,83899,-0.4017677782241935
2024-02-21,24.76,24.89,24.7,24.73,83449,-0.24203307785396477
2024-02-22,24.7,24.98,24.7,24.79,73380,0.24262029923169948
2024-02-23,24.92,25.23,24.58,24.58,265829,-0.8471157724889156
2024-02-26,24.61,25.57,24.61,25.51,230613,3.7835638730675525
2024-02-27,25.32,25.82,25.32,25.51,92479,0.0
2024-02-28,25.45,25.76,24.89,24.95,170018,-2.1952175617405034
2024-02-29,25.04,25.26,24.73,24.89,135145,-0.24048096192383905
2024-03-01,25.01,25.2,24.89,25.1,123853,0.8437123342707853
2024-03-04,25.26,25.79,25.26,25.66,203282,2.231075697211149
2024-03-05,25.79,25.79,25.45,25.51,82709,-0.5845674201091167
2024-03-06,25.51,25.51,24.82,24.89,99503,-2.430419443355547
2024-03-07,25.07,25.32,24.89,25.29,127650,1.6070711128967297
2024-03-08,25.35,25.35,24.89,25.2,196861,-0.3558718861209953
2024-03-11,25.48,25.85,25.07,25.26,211996,0.23809523809523725
2024-03-12,25.26,26.01,25.07,25.82,232380,2.2169437846397466
2024-03-13,25.82,27.34,25.82,26.63,382598,3.1371030209140116
2024-03-14,26.72,27.47,26.72,27.25,313436,2.328201276755548
2024-03-15,26.78,27.25,26.75,27.06,259718,-0.6972477064220217
2024-03-18,27.13,27.13,25.2,26.63,341810,-1.5890613451589042
2024-03-19,26.6,26.94,26.35,26.75,53325,0.45061960195269535
2024-03-20,26.94,26.94,26.44,26.88,59503,0.4859813084112208
2024-03-21,27.13,27.34,26.94,27.28,174541,1.488095238095255
2024-03-22,27.28,27.28,26.94,27.25,72454,-0.10997067448680342
2024-03-25,27.28,27.28,25.35,26.72,59716,-1.9449541284403682
2024-03-26,26.01,26.75,26.01,26.69,67582,-0.11227544910178411
2024-03-27,26.5,27.19,26.5,26.94,98180,0.9366804046459398
2024-03-28,26.88,27.25,26.88,27.0,50459,0.22271714922048602
2024-03-29,26.91,27.1,26.91,27.0,60040,0.0
2024-04-01,27.0,27.25,26.69,26.75,86798,-0.92592592592593
2024-04-02,26.75,27.03,26.66,27.03,55666,1.0467289719626294
2024-04-03,27.19,28.62,27.13,28.53,552297,5.549389567147611
2024-04-04,28.62,29.37,28.62,29.21,263149,2.383456011216256
2024-04-05,29.18,29.21,28.37,28.46,220084,-2.5676138308798335
2024-04-08,28.46,28.56,27.62,27.78,181961,-2.3893183415319763
2024-04-09,27.47,28.28,27.47,28.25,89824,1.6918646508279345
2024-04-10,28.25,28.25,27.62,27.69,46792,-1.9823008849557455
2024-04-11,27.06,27.31,26.66,27.06,205463,-2.275189599133265
2024-04-12,27.03,27.69,27.03,27.69,115049,2.32815964523283
2024-04-15,27.69,27.69,25.82,26.26,356914,-5.164319248826288
2024-04-16,26.26,26.57,25.7,26.57,136706,1.180502665651173
2024-04-17,26.57,26.57,26.01,26.19,75817,-1.430184418517122
2024-04-19,25.32,26.32,25.32,26.26,97201,0.2672775868652222
2024-04-22,26.13,26.69,25.85,26.69,61492,1.637471439451632
2024-04-23,26.69,26.69,26.07,26.57,43089,-0.44960659423005644
2024-04-24,26.32,27.06,26.32,26.75,53202,0.6774557771923151
2024-04-25,26.82,27.06,26.63,27.06,31951,1.1588785046728889
2024-04-26,27.06,27.06,26.16,26.88,18122,-0.6651884700665134
2024-05-02,26.88,27.84,26.44,27.75,199187,3.2366071428571397
2024-05-03,28.31,28.31,27.69,27.69,117767,-0.216216216216214
2024-05-06,27.72,28.15,27.72,28.0,164885,1.119537739256038
2024-05-07,28.56,28.93,27.84,28.62,232149,2.214285714285724
2024-05-08,28.5,30.61,28.0,30.61,725122,6.9531795946890185
2024-05-09,31.23,31.67,30.49,30.61,251177,0.0
2024-05-10,30.61,31.11,30.17,30.61,204322,0.0
2024-05-13,31.05,31.05,29.86,30.17,139238,-1.4374387455080018
2024-05-14,30.17,30.92,29.93,30.64,160679,1.557838912827303
2024-05-15,30.67,32.29,30.49,31.29,338988,2.1214099216710025
2024-05-16,31.92,31.92,30.7,30.92,189050,-1.182486417385742
2024-05-17,31.11,31.11,30.3,30.49,266646,-1.3906856403622325
2024-05-20,30.61,31.73,30.42,31.67,321724,3.870121351262723
2024-05-21,31.29,33.6,31.29,32.79,596189,3.536469845279444
2024-05-22,33.22,33.22,31.73,31.79,215446,-3.0497102775236318
2024-05-23,31.79,32.35,30.83,31.92,354444,0.40893362692671076
2024-05-24,31.42,32.29,30.49,30.8,358224,-3.508771929824561
2024-05-27,30.8,30.86,30.55,30.73,73085,-0.2272727272727315
2024-05-28,31.42,31.42,30.8,30.83,145042,0.32541490400259665
2024-05-29,30.92,31.01,30.58,30.61,270226,-0.7135906584495588
2024-05-30,30.49,30.98,30.08,30.36,158380,-0.8167265599477336
2024-05-31,30.36,31.42,30.17,30.92,562668,1.8445322793148922
2024-06-03,31.42,32.66,30.92,32.35,499439,4.624838292367395
2024-06-04,32.35,32.35,31.61,31.67,360715,-2.1020092735703266
2024-06-05,31.98,32.23,31.61,31.85,583669,0.5683612251341952
2024-06-06,31.98,32.04,31.11,31.54,268518,-0.9733124018838413
2024-06-07,31.67,31.92,31.36,31.61,198135,0.221940393151554
2024-06-10,31.23,32.35,31.23,31.54,228263,-0.22144890857324073
2024-06-11,31.54,31.67,30.83,30.98,264237,-1.775523145212421
2024-06-12,31.05,31.11,30.55,30.95,265095,-0.09683666881860065
2024-06-13,31.01,31.01,30.61,30.61,223408,-1.0985460420032345
2024-06-14,30.61,30.83,29.86,29.86,282707,-2.4501796798431896
2024-06-17,29.9,29.9,28.68,29.18,335925,-2.2772940388479546
2024-06-18,29.71,29.86,29.34,29.86,158427,2.3303632625085724
2024-06-19,30.05,30.61,29.71,29.8,204862,-0.20093770931011168
2024-06-20,29.86,30.08,29.18,29.34,139492,-1.543624161073831
2024-06-21,29.34,29.86,29.24,29.4,200364,0.2044989775051187
2024-06-24,29.12,29.83,28.84,28.84,274467,-1.904761904761898
2024-06-25,28.84,29.12,28.78,28.93,57149,0.3120665742024853
2024-06-26,28.96,29.02,28.65,28.99,93427,0.20739716557207633
2024-06-27,29.06,30.05,28.99,29.99,401854,3.4494653328734026
2024-06-28,29.99,29.99,28.31,29.86,188834,-0.4334778259419747
2024-07-01,29.27,30.11,29.27,30.11,167740,0.8372404554588098
2024-07-02,30.05,30.95,29.99,30.8,441229,2.291597475921625
2024-07-03,30.92,31.08,30.7,30.95,205000,0.48701298701299134
2024-07-04,30.95,30.95,30.61,30.86,130664,-0.2907915993538013
2024-07-05,30.83,31.79,30.8,30.98,352103,0.38885288399221896
2024-07-08,31.48,31.48,30.92,31.11,121863,0.4196255648805547
2024-07-09,31.61,31.67,30.67,30.67,227842,-1.4143362262937886
2024-07-10,30.67,30.8,30.05,30.17,226793,-1.630257580697747
2024-07-11,30.17,30.8,30.05,30.21,105679,0.13258203513424327
2024-07-12,30.33,30.83,30.24,30.67,107650,1.522674611055952
2024-07-15,30.61,30.95,30.33,30.49,72252,-0.5868927290512027
2024-07-16,30.55,30.8,30.17,30.17,123107,-1.0495244342407228
2024-07-17,30.17,30.24,28.96,29.06,280150,-3.679151474975151
2024-07-18,28.99,29.12,27.03,28.74,262386,-1.10116999311769
2024-07-19,28.74,29.49,28.31,28.31,122344,-1.4961725817675742
2024-07-22,28.06,28.4,27.06,27.38,165788,-3.2850582832921194
2024-07-23,27.56,27.69,26.82,26.82,121706,-2.0452885317750136
2024-07-24,26.44,28.25,26.44,28.25,115708,5.331841909023116
2024-07-25,28.06,28.06,27.5,27.75,41299,-1.7699115044247815
2024-07-26,28.0,28.68,27.78,28.68,46344,3.3513513513513393
2024-07-29,28.74,29.12,28.43,28.46,51237,-0.7670850767085069
2024-07-30,28.46,28.71,28.18,28.68,83938,0.7730147575544688
2024-07-31,28.93,29.09,28.37,28.78,91694,0.34867503486750717
2024-08-01,28.81,28.81,26.78,27.38,161054,-4.8644892286309975
2024-08-02,26.78,28.0,26.78,28.0,121311,2.264426588750923
2024-08-05,26.94,27.87,26.44,27.13,214368,-3.107142857142864
2024-08-06,27.13,27.53,26.75,27.44,56200,1.1426465167711175
2024-08-07,28.12,28.12,27.38,27.62,46782,0.6559766763848396
2024-08-08,27.62,29.55,27.62,29.55,503622,6.987690079652431
2024-08-09,29.93,30.11,29.55,29.8,135835,0.8460236886632888
2024-08-12,30.14,30.49,29.86,30.24,203233,1.4765100671140896
2024-08-13,30.17,30.36,29.74,30.24,181264,0.0
2024-08-14,30.49,31.11,30.24,30.36,243151,0.3968253968253954
2024-08-15,30.33,30.36,29.62,30.36,103886,0.0
2024-08-16,30.36,30.95,30.27,30.49,334807,0.42819499341237854
2024-08-19,30.61,31.05,30.61,30.89,233095,1.3119055428009174
2024-08-20,30.86,30.98,30.49,30.58,158475,-1.003561022984789
2024-08-21,30.58,32.35,30.55,31.61,394707,3.3682145192936552
2024-08-22,31.42,31.61,31.05,31.08,156311,-1.6766845934830799
2024-08-23,30.86,31.11,30.8,30.98,124907,-0.3217503217503137
2024-08-26,30.86,32.04,30.86,31.11,209705,0.4196255648805547
2024-08-27,31.11,31.11,30.55,31.11,142492,0.0
2024-08-28,30.98,31.11,30.17,30.67,99632,-1.4143362262937886
2024-08-29,30.89,30.89,30.39,30.39,107537,-0.9129442451907388
2024-08-30,30.49,30.67,30.17,30.64,75973,0.8226390259953975
2024-09-04,30.49,30.49,29.9,29.9,102338,-2.415143603133163
2024-09-05,29.93,30.24,29.55,30.02,78834,0.4013377926421535
2024-09-06,29.74,30.42,29.74,30.17,95737,0.4996668887408573
2024-09-09,30.14,30.33,29.96,30.33,38563,0.5303281405369509
2024-09-10,30.33,30.52,30.11,30.27,39945,-0.1978239366963397
2024-09-11,29.99,30.05,29.24,29.37,208318,-2.973240832507429
2024-09-12,29.52,29.83,29.4,29.65,50423,0.9533537623425126
2024-09-13,29.65,29.8,29.55,29.74,48115,0.30354131534569007
2024-09-16,29.74,29.8,29.24,29.37,39299,-1.2441156691324728
2024-09-17,29.37,29.96,29.27,29.96,84534,2.0088525706503324
2024-09-18,30.17,30.24,29.74,29.74,45722,-0.734312416555416
2024-09-19,30.05,30.05,29.68,29.9,36426,0.5379959650302579
2024-09-20,30.17,30.17,29.62,29.62,82004,-0.9364548494983249
2024-09-23,29.46,29.65,29.4,29.4,68515,-0.742741390952073
2024-09-24,29.83,29.83,29.46,29.55,39602,0.5102040816326703
2024-09-25,29.68,29.74,29.46,29.62,212136,0.23688663282572797
2024-09-26,29.93,29.99,29.58,29.68,158265,0.2025658338960179
2024-09-27,29.65,29.83,28.96,29.18,221360,-1.6846361185983816
2024-09-30,29.18,29.43,29.06,29.24,153185,0.20562028786839104
2024-10-01,29.24,29.49,28.9,28.9,240501,-1.1627906976744207
2024-10-02,28.93,28.96,28.43,28.43,202064,-1.626297577854663
2024-10-03,28.43,28.65,28.15,28.43,100981,0.0
2024-10-04,28.46,28.87,28.37,28.37,78523,-0.2110446711220515
2024-10-07,28.68,28.68,27.84,27.94,173935,-1.5156855833627025
2024-10-08,28.0,28.25,27.87,27.87,115041,-0.2505368647100936
2024-10-09,27.87,28.15,27.87,28.0,83110,0.4664513814137017
2024-10-10,28.31,28.37,28.0,28.12,150350,0.4285714285714226
2024-10-11,28.03,28.22,28.0,28.22,25546,0.35561877667140696
2024-10-14,28.18,28.25,27.9,28.12,125986,-0.3543586109142405
2024-10-15,28.12,28.12,27.87,28.0,77773,-0.42674253200569723
2024-10-16,27.94,28.0,27.9,28.0,20006,0.0
2024-10-17,28.0,28.74,28.0,28.43,87778,1.5357142857142847
2024-10-18,28.43,28.56,28.18,28.18,29441,-0.8793527963418923
2024-10-21,28.18,28.4,28.0,28.0,73065,-0.6387508871540049
2024-10-22,28.0,28.25,27.75,28.0,88542,0.0
2024-10-23,28.0,28.22,27.9,28.06,28541,0.2142857142857002
2024-10-24,28.06,28.31,28.0,28.06,77410,0.0
2024-10-25,28.09,28.22,28.03,28.09,35112,0.10691375623663735
2024-10-28,28.06,28.4,28.06,28.4,43146,1.103595585617656
2024-10-29,28.53,29.06,28.46,28.84,74100,1.5492957746478853
2024-10-30,28.74,29.49,28.74,29.49,128347,2.2538141470180184
2024-10-31,29.58,30.05,29.58,29.86,331622,1.2546625974906744
2024-11-01,29.86,29.9,29.62,29.8,152409,-0.20093770931011168
2024-11-04,29.8,30.3,29.49,29.86,157396,0.2013422818791799
2024-11-05,29.86,30.3,29.86,30.05,99326,0.6363027461486981
2024-11-06,30.49,30.64,30.02,30.36,238841,1.031613976705481
2024-11-07,30.49,30.61,30.24,30.39,131060,0.09881422924902239
2024-11-08,30.39,31.61,30.24,31.61,489838,4.014478446857517
2024-11-11,31.73,32.1,31.54,31.73,228263,0.379626700411273
2024-11-12,31.42,31.98,31.29,31.42,198593,-0.9769933816577314
2024-11-13,31.42,32.35,31.36,32.04,322172,1.9732654360280044
2024-11-14,32.35,33.29,32.35,32.35,549685,0.9675405742821441
2024-11-15,32.35,32.6,31.67,32.23,383313,-0.3709428129830106
2024-11-18,32.23,32.66,31.73,32.35,215021,0.37232392181199003
2024-11-19,32.66,32.66,31.17,31.17,258032,-3.647604327666154
2024-11-20,30.92,31.92,30.67,31.67,201928,1.604106512672443
2024-11-21,31.67,32.29,31.67,32.23,149579,1.768234922639711
2024-11-22,32.23,33.29,32.04,32.91,266645,2.109835556934536
2024-11-25,33.04,33.22,32.6,32.91,223316,0.0
2024-11-26,32.85,32.97,32.6,32.85,188463,-0.1823154056517673
2024-11-27,32.85,32.91,32.66,32.79,144547,-0.18264840182649067
2024-11-28,32.85,32.91,32.6,32.6,322049,-0.5794449527294798
2024-11-29,32.73,34.34,32.13,32.8,396373,0.6134969325153339
2024-12-02,32.87,32.87,32.0,32.33,265788,-1.4329268292682884
2024-12-03,32.33,32.5,32.0,32.0,203977,-1.0207237859573115
2024-12-04,31.87,32.2,31.6,31.63,203896,-1.156250000000003
2024-12-05,31.63,32.93,31.63,32.67,342983,3.2880177047107217
2024-12-06,32.63,33.6,32.6,33.2,212333,1.6222834404652664
2024-12-09,33.27,34.27,33.1,33.6,251960,1.2048192771084265
2024-12-10,33.6,33.6,33.2,33.27,133002,-0.9821428571428537
2024-12-11,33.13,33.54,32.87,33.54,189233,0.8115419296663484
2024-12-12,33.67,35.67,33.67,35.14,1074468,4.7704233750745395
2024-12-13,35.14,35.6,34.67,34.67,159525,-1.3375071143995387
2024-12-16,34.67,35.14,34.6,34.74,208189,0.20190366310932628
2024-12-17,34.74,35.0,34.34,34.74,375681,0.0
2024-12-18,34.8,34.94,34.54,34.74,141398,0.0
2024-12-19,34.54,35.54,34.34,34.67,298152,-0.2014968336211842
2024-12-20,34.74,35.4,34.4,35.27,258766,1.7306028266512952
2024-12-23,35.54,36.07,35.0,35.4,303589,0.3685851998865841
2024-12-24,35.4,35.6,34.87,35.6,317227,0.5649717514124353
2024-12-25,35.67,36.54,35.0,35.2,266724,-1.1235955056179692
2024-12-26,35.2,35.47,34.94,35.34,174646,0.39772727272726627
2024-12-27,35.2,35.94,35.0,35.14,244955,-0.5659309564233217
2024-12-30,35.0,35.0,34.14,34.4,200610,-2.1058622652248227
2024-12-31,34.4,35.0,34.4,34.67,132597,0.7848837209302406
